Client_ID,Deposit_Amt,Start_Date,Duration_Day,Maturity Date,Pricing
1,18.46,01/01/18,360,12/27/18,0.55
2,19.03,01/01/18,31,02/01/18,0.20
3,15.42,01/02/18,7,01/09/18,0.30
4,7.66,01/03/18,180,07/02/18,0.43
5,6.88,01/04/18,60,03/05/18,0.44
6,5.99,01/05/18,180,07/04/18,0.37
7,18.51,01/05/18,10,01/15/18,0.00
8,1.57,01/06/18,7,01/13/18,0.09
9,1.71,01/06/18,2,01/08/18,0.31
10,11.30,01/06/18,90,04/06/18,0.72
11,17.18,01/07/18,90,04/07/18,1.23
12,16.76,01/07/18,0,01/07/18,0.00
13,3.91,01/08/18,360,01/03/19,0.60
14,7.92,01/09/18,360,01/04/19,0.64
15,11.33,01/10/18,1,01/11/18,0.00
16,16.43,01/10/18,90,04/10/18,1.24
17,0.72,01/10/18,10,01/20/18,0.49
18,3.36,01/11/18,30,02/10/18,0.49
19,6.57,01/12/18,360,01/07/19,1.01
20,12.95,01/12/18,31,02/12/18,0.32
21,5.39,01/13/18,2,01/15/18,0.00
22,8.70,01/13/18,28,02/10/18,0.86
23,3.86,01/13/18,29,02/11/18,0.78
24,9.37,01/13/18,5,01/18/18,0.00
25,15.96,01/14/18,14,01/28/18,0.51
26,8.05,01/14/18,5,01/19/18,0.08
27,13.19,01/14/18,180,07/13/18,0.97
28,12.03,01/15/18,10,01/25/18,0.14
29,0.16,01/15/18,29,02/13/18,0.28
30,0.65,01/15/18,7,01/22/18,0.00
31,2.01,01/16/18,28,02/13/18,0.27
32,1.11,01/17/18,360,01/12/19,1.42
33,1.74,01/17/18,14,01/31/18,0.52
34,0.19,01/17/18,2,01/19/18,0.00
35,15.87,01/17/18,60,03/18/18,0.23
36,11.66,01/18/18,180,07/17/18,0.65
37,14.30,01/19/18,0,01/19/18,0.00
38,15.20,01/20/18,30,02/19/18,1.04
39,0.81,01/21/18,7,01/28/18,0.00
40,7.90,01/22/18,10,02/01/18,0.00
41,11.12,01/23/18,29,02/21/18,0.50
42,17.16,01/23/18,30,02/22/18,0.16
43,6.96,01/24/18,2,01/26/18,0.31
44,11.84,01/25/18,10,02/04/18,0.00
45,4.99,01/25/18,90,04/25/18,1.04
46,8.37,01/26/18,1,01/27/18,0.00
47,13.36,01/27/18,5,02/01/18,0.19
48,10.73,01/28/18,1,01/29/18,0.04
49,2.24,01/28/18,30,02/27/18,0.40
50,0.75,01/28/18,14,02/11/18,0.09
51,16.99,01/29/18,30,02/28/18,0.51
52,0.30,01/30/18,31,03/02/18,0.80
53,9.28,01/31/18,5,02/05/18,0.00
54,5.27,01/31/18,10,02/10/18,0.27
55,4.02,01/31/18,29,03/01/18,0.43
56,1.81,02/01/18,2,02/03/18,0.27
57,0.96,02/01/18,360,01/27/19,1.20
58,3.41,02/02/18,31,03/05/18,0.55
59,6.32,02/03/18,360,01/29/19,1.10
60,2.89,02/03/18,28,03/03/18,0.13
61,12.18,02/04/18,29,03/05/18,0.10
62,15.74,02/05/18,60,04/06/18,0.29
63,12.61,02/06/18,14,02/20/18,0.65
64,2.04,02/07/18,7,02/14/18,0.00
65,3.62,02/07/18,28,03/07/18,0.86
66,17.96,02/08/18,30,03/10/18,0.16
67,17.93,02/08/18,30,03/10/18,0.48
68,8.11,02/09/18,28,03/09/18,0.42
69,3.88,02/09/18,90,05/10/18,0.90
70,3.20,02/09/18,31,03/12/18,0.95
71,19.09,02/10/18,60,04/11/18,0.35
72,10.67,02/10/18,60,04/11/18,0.60
73,3.49,02/11/18,1,02/12/18,0.00
74,19.83,02/11/18,29,03/12/18,0.27
75,6.26,02/11/18,5,02/16/18,0.00
76,6.63,02/12/18,7,02/19/18,0.00
77,8.70,02/13/18,29,03/14/18,0.99
78,10.05,02/13/18,28,03/13/18,0.52
79,6.76,02/13/18,31,03/16/18,0.94
80,0.61,02/14/18,7,02/21/18,0.00
81,15.22,02/15/18,30,03/17/18,1.03
82,4.23,02/15/18,31,03/18/18,0.67
83,14.28,02/15/18,2,02/17/18,0.00
84,11.95,02/15/18,10,02/25/18,0.36
85,6.85,02/15/18,60,04/16/18,0.47
86,15.36,02/16/18,7,02/23/18,0.31
87,0.94,02/17/18,1,02/18/18,0.00
88,0.55,02/17/18,7,02/24/18,0.00
89,2.90,02/18/18,5,02/23/18,0.00
90,9.60,02/18/18,1,02/19/18,0.00
91,7.30,02/18/18,30,03/20/18,0.35
92,13.31,02/19/18,5,02/24/18,0.38
93,3.06,02/19/18,29,03/20/18,0.04
94,1.04,02/19/18,5,02/24/18,0.00
95,7.92,02/19/18,1,02/20/18,0.00
96,14.23,02/20/18,28,03/20/18,0.71
97,5.82,02/20/18,7,02/27/18,0.13
98,3.04,02/20/18,7,02/27/18,0.35
99,15.02,02/21/18,5,02/26/18,0.33
100,10.93,02/21/18,2,02/23/18,0.00
101,8.70,02/21/18,7,02/28/18,0.32
102,14.23,02/22/18,10,03/04/18,0.00
103,0.22,02/22/18,1,02/23/18,0.00
104,6.75,02/23/18,60,04/24/18,0.19
105,3.79,02/24/18,360,02/19/19,0.73
106,14.74,02/25/18,29,03/26/18,0.31
107,11.80,02/26/18,29,03/27/18,0.55
108,8.89,02/27/18,10,03/09/18,0.08
109,3.04,02/28/18,31,03/31/18,0.42
110,7.66,02/28/18,360,02/23/19,1.34
111,2.71,03/01/18,360,02/24/19,1.22
112,10.08,03/02/18,90,05/31/18,1.19
113,9.80,03/03/18,28,03/31/18,0.25
114,6.42,03/03/18,14,03/17/18,0.79
115,16.49,03/03/18,360,02/26/19,0.48
116,15.82,03/04/18,60,05/03/18,0.36
117,8.59,03/05/18,10,03/15/18,0.00
118,0.39,03/06/18,28,04/03/18,0.57
119,14.84,03/06/18,60,05/05/18,0.35
120,2.14,03/07/18,31,04/07/18,0.60
121,9.09,03/08/18,14,03/22/18,0.00
122,12.01,03/08/18,90,06/06/18,0.70
123,6.23,03/09/18,90,06/07/18,1.14
124,10.28,03/09/18,7,03/16/18,0.00
125,7.78,03/09/18,10,03/19/18,0.00
126,9.49,03/10/18,7,03/17/18,0.00
127,18.44,03/11/18,360,03/06/19,0.88
128,7.34,03/11/18,5,03/16/18,0.37
129,16.43,03/12/18,5,03/17/18,0.00
130,16.44,03/12/18,5,03/17/18,0.00
131,4.75,03/12/18,1,03/13/18,0.00
132,6.09,03/12/18,30,04/11/18,0.76
133,11.16,03/13/18,29,04/11/18,0.07
134,11.74,03/13/18,29,04/11/18,0.84
135,6.69,03/14/18,30,04/13/18,0.43
136,0.39,03/15/18,7,03/22/18,0.00
137,13.60,03/16/18,1,03/17/18,0.00
138,12.28,03/16/18,180,09/12/18,0.98
139,19.68,03/16/18,10,03/26/18,0.00
140,14.05,03/16/18,7,03/23/18,0.50
141,0.75,03/17/18,29,04/15/18,0.60
142,2.25,03/18/18,14,04/01/18,0.12
143,11.64,03/18/18,90,06/16/18,0.65
144,19.17,03/18/18,2,03/20/18,0.00
145,3.58,03/19/18,1,03/20/18,0.00
146,18.52,03/19/18,30,04/18/18,0.74
147,9.53,03/19/18,14,04/02/18,0.77
148,1.44,03/20/18,2,03/22/18,0.00
149,2.40,03/20/18,10,03/30/18,0.00
150,11.50,03/20/18,5,03/25/18,0.00
151,11.23,03/20/18,29,04/18/18,0.36
152,8.94,03/21/18,180,09/17/18,0.91
153,8.43,03/22/18,30,04/21/18,0.19
154,10.44,03/23/18,30,04/22/18,0.31
155,8.70,03/23/18,29,04/21/18,0.82
156,17.80,03/23/18,60,05/22/18,0.60
157,5.39,03/24/18,14,04/07/18,0.10
158,7.70,03/24/18,30,04/23/18,0.21
159,13.97,03/24/18,180,09/20/18,0.38
160,17.77,03/25/18,180,09/21/18,1.19
161,14.87,03/26/18,60,05/25/18,0.47
162,5.43,03/27/18,29,04/25/18,0.21
163,18.64,03/28/18,5,04/02/18,0.00
164,8.53,03/28/18,90,06/26/18,0.60
165,6.87,03/28/18,28,04/25/18,0.85
166,0.57,03/28/18,2,03/30/18,0.00
167,11.40,03/29/18,29,04/27/18,0.01
168,8.57,03/29/18,2,03/31/18,0.00
169,16.32,03/30/18,10,04/09/18,0.17
170,1.08,03/30/18,29,04/28/18,0.60
171,9.51,03/31/18,5,04/05/18,0.00
172,4.09,04/01/18,7,04/08/18,0.35
173,10.63,04/02/18,30,05/02/18,0.84
174,0.20,04/02/18,30,05/02/18,0.67
175,7.22,04/02/18,2,04/04/18,0.32
176,4.49,04/02/18,29,05/01/18,0.62
177,8.85,04/03/18,60,06/02/18,0.98
178,3.86,04/04/18,5,04/09/18,0.00
179,7.91,04/05/18,90,07/04/18,0.35
180,14.74,04/05/18,10,04/15/18,0.38
181,19.30,04/05/18,360,03/31/19,1.26
182,11.95,04/05/18,7,04/12/18,0.00
183,3.71,04/05/18,10,04/15/18,0.00
184,4.93,04/05/18,5,04/10/18,0.06
185,13.26,04/05/18,360,03/31/19,0.48
186,14.26,04/05/18,10,04/15/18,0.00
187,2.46,04/05/18,7,04/12/18,0.37
188,15.62,04/05/18,7,04/12/18,0.00
189,9.50,04/06/18,28,05/04/18,0.90
190,0.45,04/07/18,30,05/07/18,0.85
191,4.28,04/07/18,10,04/17/18,0.48
192,15.48,04/07/18,60,06/06/18,1.12
193,6.69,04/08/18,2,04/10/18,0.04
194,4.65,04/08/18,28,05/06/18,0.77
195,16.48,04/09/18,28,05/07/18,0.06
196,0.51,04/09/18,29,05/08/18,0.34
197,3.77,04/10/18,360,04/05/19,1.34
198,11.92,04/11/18,90,07/10/18,0.85
199,5.34,04/11/18,360,04/06/19,0.86
200,17.31,04/12/18,0,04/12/18,0.00
201,3.96,04/12/18,7,04/19/18,0.00
202,2.90,04/12/18,30,05/12/18,0.41
203,2.87,04/12/18,180,10/09/18,0.60
204,10.96,04/13/18,360,04/08/19,0.56
205,14.67,04/13/18,90,07/12/18,0.98
206,7.08,04/13/18,1,04/14/18,0.00
207,11.73,04/14/18,5,04/19/18,0.00
208,2.48,04/15/18,14,04/29/18,0.48
209,11.47,04/16/18,90,07/15/18,0.63
210,10.91,04/16/18,1,04/17/18,0.00
211,12.33,04/17/18,1,04/18/18,0.00
212,13.74,04/17/18,28,05/15/18,0.02
213,11.01,04/17/18,90,07/16/18,0.82
214,5.07,04/17/18,1,04/18/18,0.00
215,11.18,04/17/18,360,04/12/19,1.42
216,11.56,04/17/18,1,04/18/18,0.00
217,7.25,04/17/18,360,04/12/19,1.40
218,9.44,04/18/18,29,05/17/18,0.81
219,8.09,04/19/18,7,04/26/18,0.00
220,2.24,04/19/18,90,07/18/18,0.95
221,0.85,04/19/18,180,10/16/18,0.44
222,9.03,04/20/18,29,05/19/18,0.50
223,6.51,04/20/18,60,06/19/18,0.18
224,19.82,04/21/18,1,04/22/18,0.00
225,10.26,04/22/18,10,05/02/18,0.00
226,1.63,04/22/18,60,06/21/18,0.49
227,17.12,04/23/18,29,05/22/18,0.26
228,10.15,04/24/18,360,04/19/19,1.05
229,15.82,04/24/18,10,05/04/18,0.00
230,12.02,04/24/18,10,05/04/18,0.09
231,16.50,04/24/18,31,05/25/18,0.61
232,10.29,04/24/18,10,05/04/18,0.42
233,11.51,04/24/18,60,06/23/18,0.47
234,10.04,04/25/18,1,04/26/18,0.05
235,14.19,04/25/18,5,04/30/18,0.00
236,8.68,04/26/18,90,07/25/18,1.24
237,16.29,04/27/18,30,05/27/18,1.02
238,3.20,04/28/18,28,05/26/18,0.61
239,17.27,04/29/18,180,10/26/18,0.67
240,10.67,04/30/18,31,05/31/18,0.50
241,7.26,04/30/18,28,05/28/18,0.42
242,11.02,05/01/18,29,05/30/18,0.61
243,17.28,05/01/18,1,05/02/18,0.00
244,4.28,05/02/18,360,04/27/19,0.65
245,1.02,05/03/18,30,06/02/18,0.50
246,18.95,05/04/18,14,05/18/18,0.77
247,1.68,05/04/18,30,06/03/18,0.72
248,10.48,05/05/18,28,06/02/18,0.21
249,17.84,05/06/18,31,06/06/18,0.89
250,5.59,05/06/18,5,05/11/18,0.23
251,17.20,05/06/18,90,08/04/18,0.92
252,4.12,05/06/18,29,06/04/18,0.75
253,3.95,05/06/18,90,08/04/18,0.81
254,17.12,05/06/18,28,06/03/18,0.42
255,12.17,05/07/18,60,07/06/18,0.19
256,17.79,05/07/18,31,06/07/18,0.65
257,19.92,05/07/18,360,05/02/19,1.06
258,10.03,05/07/18,90,08/05/18,1.08
259,8.12,05/08/18,31,06/08/18,0.28
260,9.55,05/08/18,360,05/03/19,0.76
261,14.30,05/09/18,90,08/07/18,0.64
262,1.17,05/10/18,30,06/09/18,0.65
263,9.22,05/10/18,29,06/08/18,0.86
264,8.29,05/11/18,14,05/25/18,0.15
265,7.69,05/12/18,28,06/09/18,0.52
266,8.79,05/12/18,7,05/19/18,0.00
267,14.42,05/12/18,180,11/08/18,1.20
268,1.68,05/13/18,90,08/11/18,0.65
269,11.78,05/13/18,14,05/27/18,0.00
270,17.51,05/13/18,180,11/09/18,0.32
271,5.33,05/13/18,10,05/23/18,0.14
272,9.21,05/13/18,5,05/18/18,0.00
273,10.03,05/13/18,90,08/11/18,0.92
274,3.51,05/14/18,7,05/21/18,0.22
275,0.80,05/15/18,14,05/29/18,0.55
276,13.14,05/15/18,2,05/17/18,0.00
277,3.88,05/15/18,14,05/29/18,0.00
278,16.18,05/16/18,5,05/21/18,0.00
279,15.84,05/16/18,60,07/15/18,0.77
280,0.34,05/16/18,31,06/16/18,0.19
281,9.78,05/16/18,5,05/21/18,0.11
282,12.42,05/16/18,7,05/23/18,0.00
283,4.88,05/17/18,7,05/24/18,0.20
284,6.37,05/17/18,14,05/31/18,0.75
285,0.62,05/18/18,360,05/13/19,0.96
286,4.33,05/18/18,29,06/16/18,0.51
287,16.79,05/18/18,7,05/25/18,0.00
288,16.63,05/19/18,180,11/15/18,1.24
289,17.44,05/20/18,1,05/21/18,0.00
290,2.91,05/21/18,31,06/21/18,0.89
291,0.86,05/22/18,5,05/27/18,0.00
292,14.25,05/22/18,10,06/01/18,0.29
293,5.56,05/22/18,360,05/17/19,1.03
294,15.17,05/22/18,5,05/27/18,0.21
295,10.83,05/22/18,10,06/01/18,0.39
296,2.76,05/22/18,14,06/05/18,0.00
297,0.55,05/23/18,7,05/30/18,0.21
298,6.75,05/24/18,10,06/03/18,0.00
299,5.68,05/24/18,29,06/22/18,0.82
300,4.58,05/25/18,360,05/20/19,0.67
301,7.83,05/26/18,360,05/21/19,1.27
302,4.81,05/27/18,90,08/25/18,0.52
303,17.04,05/28/18,31,06/28/18,1.04
304,13.16,05/28/18,28,06/25/18,0.66
305,14.12,05/29/18,180,11/25/18,0.45
306,17.60,05/30/18,2,06/01/18,0.00
307,14.17,05/30/18,5,06/04/18,0.00
308,10.67,05/30/18,60,07/29/18,0.46
309,19.82,05/30/18,10,06/09/18,0.00
310,0.20,05/31/18,360,05/26/19,0.48
311,7.07,06/01/18,180,11/28/18,1.17
312,9.55,06/02/18,1,06/03/18,0.00
313,11.04,06/02/18,360,05/28/19,0.63
314,5.74,06/02/18,2,06/04/18,0.16
315,6.75,06/02/18,28,06/30/18,0.59
316,14.30,06/02/18,10,06/12/18,0.60
317,0.93,06/02/18,2,06/04/18,0.00
318,14.35,06/03/18,14,06/17/18,0.61
319,17.68,06/04/18,31,07/05/18,0.83
320,1.72,06/05/18,360,05/31/19,0.67
321,10.41,06/06/18,31,07/07/18,0.98
322,4.70,06/07/18,29,07/06/18,0.60
323,5.16,06/08/18,0,06/08/18,0.00
324,17.75,06/09/18,29,07/08/18,0.64
325,1.73,06/10/18,0,06/10/18,0.00
326,16.75,06/10/18,90,09/08/18,0.99
327,3.23,06/11/18,10,06/21/18,0.37
328,3.14,06/12/18,30,07/12/18,0.68
329,2.99,06/12/18,10,06/22/18,0.00
330,2.59,06/13/18,60,08/12/18,0.66
331,9.48,06/13/18,5,06/18/18,0.00
332,3.11,06/13/18,360,06/08/19,1.40
333,1.93,06/13/18,7,06/20/18,0.00
334,17.17,06/14/18,1,06/15/18,0.00
335,1.41,06/15/18,31,07/16/18,0.93
336,17.43,06/16/18,360,06/11/19,0.50
337,19.03,06/17/18,29,07/16/18,0.27
338,3.45,06/18/18,14,07/02/18,0.60
339,14.69,06/19/18,29,07/18/18,0.50
340,0.94,06/19/18,10,06/29/18,0.00
341,6.68,06/20/18,28,07/18/18,0.00
342,5.37,06/21/18,10,07/01/18,0.64
343,12.98,06/22/18,2,06/24/18,0.03
344,18.70,06/23/18,7,06/30/18,0.00
345,14.42,06/23/18,90,09/21/18,1.11
346,18.22,06/23/18,29,07/22/18,0.35
347,3.26,06/23/18,5,06/28/18,0.45
348,2.18,06/23/18,1,06/24/18,0.12
349,9.85,06/23/18,28,07/21/18,0.69
350,15.96,06/23/18,29,07/22/18,0.68
351,13.53,06/24/18,0,06/24/18,0.00
352,4.81,06/24/18,7,07/01/18,0.00
353,18.99,06/24/18,1,06/25/18,0.00
354,13.43,06/25/18,360,06/20/19,1.41
355,7.39,06/25/18,0,06/25/18,0.00
356,1.21,06/25/18,10,07/05/18,0.00
357,2.22,06/25/18,1,06/26/18,0.09
358,5.85,06/26/18,28,07/24/18,0.09
359,17.78,06/26/18,10,07/06/18,0.36
360,3.06,06/26/18,14,07/10/18,0.84
361,6.21,06/27/18,60,08/26/18,0.89
362,8.54,06/27/18,29,07/26/18,0.81
363,16.87,06/27/18,360,06/22/19,0.94
364,12.59,06/27/18,14,07/11/18,0.18
365,19.20,06/28/18,7,07/05/18,0.38
366,0.76,06/29/18,10,07/09/18,0.40
367,18.17,06/30/18,14,07/14/18,0.74
368,0.10,06/30/18,60,08/29/18,0.99
369,18.89,07/01/18,10,07/11/18,0.60
370,17.48,07/02/18,10,07/12/18,0.26
371,9.20,07/02/18,30,08/01/18,0.27
372,3.87,07/02/18,360,06/27/19,0.71
373,14.51,07/02/18,2,07/04/18,0.00
374,13.24,07/03/18,14,07/17/18,0.63
375,7.12,07/04/18,1,07/05/18,0.00
376,5.42,07/05/18,1,07/06/18,0.01
377,13.69,07/06/18,0,07/06/18,0.00
378,9.48,07/07/18,180,01/03/19,1.19
379,5.48,07/08/18,30,08/07/18,0.93
380,8.16,07/09/18,29,08/07/18,0.12
381,3.98,07/09/18,360,07/04/19,1.32
382,3.57,07/10/18,360,07/05/19,1.43
383,18.39,07/10/18,360,07/05/19,0.98
384,12.41,07/10/18,90,10/08/18,0.46
385,19.45,07/11/18,2,07/13/18,0.00
386,14.57,07/12/18,7,07/19/18,0.39
387,5.12,07/12/18,28,08/09/18,0.00
388,15.58,07/13/18,10,07/23/18,0.21
389,2.77,07/13/18,7,07/20/18,0.00
390,10.08,07/13/18,360,07/08/19,0.44
391,9.32,07/13/18,90,10/11/18,0.88
392,3.10,07/14/18,10,07/24/18,0.00
393,8.53,07/14/18,29,08/12/18,0.90
394,5.04,07/14/18,29,08/12/18,0.23
395,6.14,07/15/18,360,07/10/19,1.04
396,19.13,07/16/18,10,07/26/18,0.66
397,5.78,07/17/18,2,07/19/18,0.00
398,7.37,07/17/18,2,07/19/18,0.00
399,7.80,07/18/18,29,08/16/18,0.84
400,6.24,07/18/18,29,08/16/18,0.04
401,4.94,07/19/18,1,07/20/18,0.00
402,18.49,07/20/18,10,07/30/18,0.49
403,12.74,07/21/18,14,08/04/18,0.49
404,11.19,07/22/18,5,07/27/18,0.00
405,19.92,07/23/18,5,07/28/18,0.00
406,13.53,07/23/18,31,08/23/18,0.72
407,8.21,07/24/18,60,09/22/18,0.91
408,4.12,07/24/18,90,10/22/18,0.32
409,15.68,07/25/18,7,08/01/18,0.20
410,10.84,07/26/18,31,08/26/18,0.42
411,1.45,07/26/18,31,08/26/18,0.73
412,8.58,07/26/18,360,07/21/19,1.21
413,4.26,07/26/18,180,01/22/19,1.16
414,16.80,07/26/18,10,08/05/18,0.03
415,0.67,07/27/18,30,08/26/18,0.40
416,10.16,07/27/18,2,07/29/18,0.25
417,10.83,07/28/18,1,07/29/18,0.00
418,5.19,07/29/18,5,08/03/18,0.00
419,17.61,07/29/18,10,08/08/18,0.00
420,9.45,07/29/18,180,01/25/19,0.55
421,15.08,07/30/18,5,08/04/18,0.37
422,7.85,07/30/18,2,08/01/18,0.01
423,3.61,07/30/18,60,09/28/18,0.29
424,11.29,07/30/18,29,08/28/18,0.45
425,8.40,07/31/18,360,07/26/19,1.21
426,9.07,07/31/18,180,01/27/19,0.98
427,14.30,08/01/18,10,08/11/18,0.00
428,19.93,08/01/18,30,08/31/18,1.09
429,1.48,08/02/18,180,01/29/19,0.27
430,8.15,08/03/18,14,08/17/18,0.45
431,13.59,08/04/18,2,08/06/18,0.00
432,11.67,08/05/18,90,11/03/18,1.13
433,0.35,08/06/18,1,08/07/18,0.00
434,6.51,08/07/18,14,08/21/18,0.40
435,17.52,08/07/18,1,08/08/18,0.00
436,5.05,08/08/18,90,11/06/18,0.88
437,15.05,08/09/18,14,08/23/18,0.72
438,2.18,08/09/18,1,08/10/18,0.00
439,7.44,08/09/18,5,08/14/18,0.05
440,14.33,08/09/18,5,08/14/18,0.00
441,15.11,08/10/18,14,08/24/18,0.68
442,19.82,08/10/18,28,09/07/18,0.00
443,16.61,08/11/18,60,10/10/18,0.50
444,15.29,08/12/18,14,08/26/18,0.44
445,2.24,08/12/18,5,08/17/18,0.21
446,4.58,08/13/18,1,08/14/18,0.00
447,7.46,08/14/18,7,08/21/18,0.33
448,3.58,08/14/18,5,08/19/18,0.00
449,3.18,08/15/18,5,08/20/18,0.34
450,4.46,08/15/18,7,08/22/18,0.07
451,9.91,08/15/18,14,08/29/18,0.37
452,11.09,08/16/18,7,08/23/18,0.28
453,17.99,08/17/18,5,08/22/18,0.00
454,12.07,08/17/18,1,08/18/18,0.00
455,0.97,08/18/18,2,08/20/18,0.00
456,1.32,08/18/18,5,08/23/18,0.00
457,3.42,08/19/18,360,08/14/19,1.38
458,15.16,08/20/18,29,09/18/18,0.55
459,7.62,08/20/18,7,08/27/18,0.00
460,4.22,08/21/18,90,11/19/18,0.90
461,14.75,08/21/18,60,10/20/18,0.51
462,6.57,08/21/18,29,09/19/18,0.17
463,5.86,08/21/18,90,11/19/18,0.64
464,10.40,08/21/18,31,09/21/18,0.17
465,19.79,08/21/18,2,08/23/18,0.00
466,12.91,08/21/18,90,11/19/18,0.84
467,11.99,08/22/18,360,08/17/19,0.64
468,14.12,08/22/18,7,08/29/18,0.00
469,2.74,08/22/18,90,11/20/18,0.98
470,12.00,08/23/18,90,11/21/18,1.14
471,8.41,08/23/18,60,10/22/18,0.43
472,4.31,08/24/18,360,08/19/19,0.76
473,0.55,08/24/18,5,08/29/18,0.00
474,14.12,08/24/18,31,09/24/18,0.69
475,5.81,08/25/18,2,08/27/18,0.19
476,5.89,08/26/18,60,10/25/18,0.79
477,6.57,08/26/18,30,09/25/18,1.03
478,18.82,08/27/18,5,09/01/18,0.00
479,1.27,08/28/18,5,09/02/18,0.00
480,11.70,08/29/18,7,09/05/18,0.04
481,13.36,08/30/18,28,09/27/18,0.01
482,8.87,08/30/18,180,02/26/19,0.46
483,17.77,08/31/18,5,09/05/18,0.19
484,6.48,09/01/18,60,10/31/18,0.82
485,19.31,09/02/18,31,10/03/18,1.12
486,19.35,09/03/18,1,09/04/18,0.00
487,12.04,09/04/18,10,09/14/18,0.10
488,14.15,09/04/18,180,03/03/19,0.39
489,2.76,09/05/18,31,10/06/18,0.26
490,15.83,09/06/18,360,09/01/19,1.37
491,0.57,09/06/18,30,10/06/18,0.35
492,14.23,09/06/18,360,09/01/19,0.94
493,18.63,09/07/18,0,09/07/18,0.00
494,9.81,09/07/18,2,09/09/18,0.00
495,14.49,09/08/18,30,10/08/18,0.46
496,6.03,09/09/18,31,10/10/18,0.96
497,12.29,09/09/18,10,09/19/18,0.32
498,16.04,09/10/18,10,09/20/18,0.32
499,0.18,09/11/18,2,09/13/18,0.00
500,4.67,09/12/18,30,10/12/18,0.44
501,17.98,09/13/18,1,09/14/18,0.00
502,2.80,09/13/18,5,09/18/18,0.00
503,18.33,09/13/18,29,10/12/18,0.02
504,1.53,09/13/18,5,09/18/18,0.12
505,19.07,09/14/18,14,09/28/18,0.00
506,16.19,09/14/18,30,10/14/18,0.54
507,2.47,09/14/18,30,10/14/18,0.16
508,3.29,09/14/18,90,12/13/18,0.31
509,19.04,09/15/18,28,10/13/18,0.87
510,6.61,09/16/18,10,09/26/18,0.65
511,19.49,09/16/18,360,09/11/19,1.13
512,2.49,09/16/18,2,09/18/18,0.30
513,17.81,09/17/18,1,09/18/18,0.00
514,15.46,09/18/18,5,09/23/18,0.26
515,8.95,09/18/18,14,10/02/18,0.84
516,11.59,09/19/18,60,11/18/18,0.32
517,2.15,09/20/18,180,03/19/19,1.06
518,10.60,09/21/18,5,09/26/18,0.18
519,5.85,09/22/18,60,11/21/18,1.08
520,15.24,09/23/18,29,10/22/18,0.18
521,5.88,09/23/18,14,10/07/18,0.06
522,0.59,09/23/18,31,10/24/18,0.89
523,18.99,09/24/18,7,10/01/18,0.12
524,8.40,09/24/18,5,09/29/18,0.00
525,17.84,09/24/18,7,10/01/18,0.35
526,4.86,09/25/18,31,10/26/18,1.13
527,5.77,09/25/18,14,10/09/18,0.80
528,9.93,09/26/18,60,11/25/18,0.45
529,18.19,09/27/18,14,10/11/18,0.42
530,13.05,09/27/18,14,10/11/18,0.33
531,1.23,09/28/18,90,12/27/18,0.96
532,5.53,09/28/18,0,09/28/18,0.00
533,1.54,09/29/18,7,10/06/18,0.00
534,7.12,09/29/18,360,09/24/19,1.40
535,5.14,09/30/18,31,10/31/18,0.40
536,6.93,10/01/18,28,10/29/18,0.00
537,8.05,10/01/18,5,10/06/18,0.00
538,5.99,10/01/18,360,09/26/19,1.08
539,7.21,10/02/18,180,03/31/19,0.59
540,6.06,10/03/18,30,11/02/18,0.91
541,10.91,10/03/18,1,10/04/18,0.14
542,13.26,10/04/18,14,10/18/18,0.74
543,1.75,10/04/18,360,09/29/19,0.53
544,14.20,10/04/18,29,11/02/18,0.78
545,6.49,10/05/18,0,10/05/18,0.00
546,19.52,10/05/18,30,11/04/18,0.41
547,4.70,10/05/18,30,11/04/18,0.17
548,5.29,10/06/18,5,10/11/18,0.00
549,1.24,10/07/18,1,10/08/18,0.00
550,1.94,10/08/18,5,10/13/18,0.38
551,18.61,10/09/18,180,04/07/19,1.23
552,1.22,10/10/18,180,04/08/19,0.47
553,9.27,10/11/18,28,11/08/18,0.91
554,11.28,10/12/18,5,10/17/18,0.00
555,2.31,10/12/18,14,10/26/18,0.32
556,18.56,10/12/18,360,10/07/19,0.49
557,19.12,10/13/18,7,10/20/18,0.00
558,10.09,10/14/18,29,11/12/18,0.14
559,9.54,10/14/18,0,10/14/18,0.00
560,12.08,10/14/18,28,11/11/18,0.16
561,11.64,10/15/18,5,10/20/18,0.00
562,8.80,10/16/18,29,11/14/18,0.10
563,1.64,10/16/18,360,10/11/19,1.35
564,10.79,10/16/18,360,10/11/19,1.04
565,16.78,10/17/18,29,11/15/18,0.19
566,10.84,10/17/18,180,04/15/19,0.38
567,13.46,10/17/18,2,10/19/18,0.00
568,5.22,10/18/18,60,12/17/18,0.44
569,0.67,10/18/18,14,11/01/18,0.54
570,18.19,10/18/18,360,10/13/19,0.75
571,0.42,10/18/18,14,11/01/18,0.16
572,17.60,10/19/18,360,10/14/19,0.50
573,14.84,10/19/18,2,10/21/18,0.00
574,11.57,10/19/18,30,11/18/18,0.91
575,8.69,10/20/18,30,11/19/18,0.74
576,5.42,10/21/18,1,10/22/18,0.08
577,6.10,10/22/18,31,11/22/18,0.17
578,17.25,10/22/18,7,10/29/18,0.00
579,9.93,10/23/18,10,11/02/18,0.59
580,15.54,10/24/18,30,11/23/18,0.78
581,7.21,10/24/18,30,11/23/18,0.53
582,4.40,10/25/18,7,11/01/18,0.00
583,3.94,10/25/18,360,10/20/19,1.20
584,10.31,10/26/18,28,11/23/18,0.00
585,7.79,10/27/18,28,11/24/18,0.08
586,18.05,10/27/18,360,10/22/19,0.91
587,0.12,10/28/18,360,10/23/19,0.80
588,7.18,10/28/18,90,01/26/19,0.62
589,11.12,10/28/18,14,11/11/18,0.14
590,3.16,10/29/18,7,11/05/18,0.25
591,2.60,10/30/18,90,01/28/19,0.56
592,11.57,10/30/18,60,12/29/18,0.21
593,4.27,10/30/18,60,12/29/18,0.87
594,0.12,10/31/18,14,11/14/18,0.17
595,14.34,11/01/18,30,12/01/18,0.37
596,0.49,11/02/18,60,01/01/19,0.90
597,4.05,11/02/18,7,11/09/18,0.45
598,1.83,11/03/18,30,12/03/18,0.32
599,6.44,11/04/18,180,05/03/19,0.77
600,1.93,11/04/18,7,11/11/18,0.30
601,19.38,11/05/18,7,11/12/18,0.33
602,10.89,11/06/18,31,12/07/18,0.41
603,6.89,11/06/18,29,12/05/18,0.48
604,3.73,11/06/18,5,11/11/18,0.19
605,0.48,11/06/18,2,11/08/18,0.11
606,11.47,11/07/18,360,11/02/19,0.76
607,4.44,11/07/18,2,11/09/18,0.28
608,5.36,11/08/18,14,11/22/18,0.62
609,4.34,11/08/18,10,11/18/18,0.03
610,19.85,11/08/18,1,11/09/18,0.00
611,19.69,11/09/18,180,05/08/19,0.30
612,18.58,11/09/18,360,11/04/19,1.09
613,12.66,11/10/18,360,11/05/19,0.61
614,15.17,11/10/18,2,11/12/18,0.00
615,3.77,11/11/18,30,12/11/18,0.37
616,15.24,11/12/18,7,11/19/18,0.00
617,14.37,11/12/18,14,11/26/18,0.85
618,10.31,11/12/18,29,12/11/18,0.59
619,14.87,11/12/18,1,11/13/18,0.00
620,13.36,11/13/18,60,01/12/19,0.42
621,6.34,11/13/18,180,05/12/19,0.50
622,2.77,11/13/18,1,11/14/18,0.00
623,12.89,11/14/18,180,05/13/19,1.16
624,16.83,11/15/18,28,12/13/18,0.62
625,7.42,11/16/18,10,11/26/18,0.00
626,3.72,11/16/18,10,11/26/18,0.54
627,15.58,11/17/18,28,12/15/18,0.84
628,17.50,11/18/18,180,05/17/19,1.12
629,10.83,11/19/18,10,11/29/18,0.53
630,0.15,11/19/18,7,11/26/18,0.45
631,0.66,11/19/18,360,11/14/19,1.16
632,11.10,11/19/18,60,01/18/19,0.82
633,8.91,11/20/18,360,11/15/19,0.82
634,17.89,11/20/18,7,11/27/18,0.00
635,2.69,11/20/18,28,12/18/18,0.22
636,7.06,11/20/18,90,02/18/19,0.25
637,3.89,11/20/18,1,11/21/18,0.00
638,13.32,11/20/18,29,12/19/18,0.15
639,17.95,11/21/18,60,01/20/19,0.44
640,8.43,11/21/18,180,05/20/19,0.86
641,2.95,11/21/18,14,12/05/18,0.53
642,16.26,11/22/18,10,12/02/18,0.26
643,11.12,11/23/18,90,02/21/19,0.94
644,9.60,11/23/18,90,02/21/19,1.15
645,10.65,11/24/18,28,12/22/18,0.63
646,16.72,11/25/18,360,11/20/19,1.23
647,6.25,11/26/18,360,11/21/19,0.64
648,17.26,11/27/18,14,12/11/18,0.05
649,7.97,11/27/18,60,01/26/19,0.49
650,1.96,11/27/18,14,12/11/18,0.31
651,7.34,11/28/18,90,02/26/19,1.12
652,16.63,11/28/18,28,12/26/18,0.63
653,7.28,11/28/18,30,12/28/18,0.33
654,18.24,11/29/18,7,12/06/18,0.38
655,1.99,11/29/18,60,01/28/19,0.79
656,6.48,11/30/18,360,11/25/19,1.38
657,4.81,11/30/18,360,11/25/19,0.71
658,12.41,12/01/18,14,12/15/18,0.60
659,5.63,12/02/18,5,12/07/18,0.00
660,0.89,12/03/18,360,11/28/19,0.50
661,11.49,12/04/18,28,01/01/19,0.65
662,17.21,12/05/18,29,01/03/19,0.85
663,4.94,12/06/18,5,12/11/18,0.14
664,3.72,12/06/18,360,12/01/19,0.61
665,15.58,12/07/18,2,12/09/18,0.21
666,19.25,12/07/18,28,01/04/19,0.75
667,14.23,12/07/18,2,12/09/18,0.00
668,10.97,12/08/18,14,12/22/18,0.71
669,9.49,12/08/18,1,12/09/18,0.00
670,6.53,12/08/18,90,03/08/19,0.58
671,14.83,12/09/18,7,12/16/18,0.00
672,6.14,12/09/18,1,12/10/18,0.00
673,12.19,12/09/18,5,12/14/18,0.00
674,8.06,12/10/18,180,06/08/19,0.29
675,4.85,12/10/18,360,12/05/19,0.73
676,7.09,12/10/18,29,01/08/19,0.33
677,0.02,12/11/18,180,06/09/19,0.26
678,11.50,12/12/18,2,12/14/18,0.34
679,3.38,12/12/18,10,12/22/18,0.07
680,10.23,12/13/18,10,12/23/18,0.00
681,12.87,12/13/18,5,12/18/18,0.44
682,7.85,12/13/18,2,12/15/18,0.29
683,16.88,12/14/18,28,01/11/19,0.00
684,1.99,12/15/18,29,01/13/19,0.00
685,6.38,12/16/18,2,12/18/18,0.00
686,11.80,12/16/18,180,06/14/19,1.13
687,17.57,12/16/18,7,12/23/18,0.00
688,5.19,12/16/18,14,12/30/18,0.19
689,2.02,12/16/18,5,12/21/18,0.10
690,17.33,12/16/18,31,01/16/19,0.73
691,3.40,12/16/18,10,12/26/18,0.63
692,4.88,12/16/18,90,03/16/19,0.85
693,10.93,12/17/18,28,01/14/19,0.70
694,19.04,12/17/18,30,01/16/19,0.39
695,19.72,12/18/18,60,02/16/19,0.51
696,17.89,12/19/18,60,02/17/19,0.50
697,14.48,12/20/18,30,01/19/19,0.29
698,3.45,12/21/18,28,01/18/19,0.05
699,0.11,12/21/18,30,01/20/19,0.34
700,3.46,12/21/18,28,01/18/19,0.24
701,7.96,12/21/18,90,03/21/19,0.44
702,7.22,12/22/18,14,01/05/19,0.00
703,0.86,12/22/18,2,12/24/18,0.00
704,8.41,12/23/18,30,01/22/19,0.74
705,17.61,12/24/18,5,12/29/18,0.00
706,8.62,12/25/18,14,01/08/19,0.00
707,18.88,12/25/18,28,01/22/19,0.83
708,15.66,12/26/18,360,12/21/19,1.37
709,18.76,12/27/18,7,01/03/19,0.00
710,17.38,12/27/18,7,01/03/19,0.00
711,18.67,12/28/18,1,12/29/18,0.00
712,19.48,12/28/18,30,01/27/19,0.16
713,7.49,12/28/18,7,01/04/19,0.00
714,11.76,12/29/18,5,01/03/19,0.00
715,8.53,12/29/18,29,01/27/19,0.82
716,8.39,12/29/18,10,01/08/19,0.00
717,15.81,12/29/18,360,12/24/19,0.52
718,12.01,12/29/18,60,02/27/19,0.86
719,17.83,12/29/18,90,03/29/19,1.20
720,11.79,12/29/18,360,12/24/19,1.22
721,3.67,12/30/18,29,01/28/19,0.19
722,6.93,12/30/18,28,01/27/19,0.78
723,18.41,12/31/18,29,01/29/19,0.07
724,7.45,01/01/19,1,01/02/19,0.00
725,18.19,01/01/19,2,01/03/19,0.00
726,11.86,01/01/19,1,01/02/19,0.00
727,0.58,01/02/19,2,01/04/19,0.23
728,17.36,01/02/19,5,01/07/19,0.29
729,5.89,01/03/19,29,02/01/19,0.20
730,10.27,01/04/19,60,03/05/19,0.97
731,7.46,01/05/19,90,04/05/19,1.02
732,19.37,01/05/19,10,01/15/19,0.40
733,9.32,01/06/19,31,02/06/19,0.69
734,4.38,01/07/19,5,01/12/19,0.32
735,2.90,01/07/19,90,04/07/19,0.94
736,11.69,01/07/19,29,02/05/19,0.53
737,14.86,01/08/19,5,01/13/19,0.00
738,11.46,01/08/19,360,01/03/20,1.29
739,19.54,01/08/19,180,07/07/19,1.12
740,10.29,01/09/19,90,04/09/19,0.78
741,14.14,01/09/19,14,01/23/19,0.49
742,18.31,01/10/19,30,02/09/19,0.74
743,11.86,01/11/19,1,01/12/19,0.00
744,17.37,01/12/19,28,02/09/19,0.47
745,17.08,01/12/19,29,02/10/19,0.38
746,13.51,01/12/19,7,01/19/19,0.15
747,6.45,01/13/19,5,01/18/19,0.00
748,8.01,01/13/19,10,01/23/19,0.16
749,10.88,01/13/19,180,07/12/19,0.88
750,2.21,01/14/19,2,01/16/19,0.35
751,6.34,01/14/19,180,07/13/19,0.50
752,1.12,01/14/19,5,01/19/19,0.14
753,17.52,01/14/19,7,01/21/19,0.00
754,6.17,01/15/19,10,01/25/19,0.44
755,0.92,01/16/19,1,01/17/19,0.00
756,12.99,01/16/19,2,01/18/19,0.00
757,12.84,01/16/19,7,01/23/19,0.00
758,18.67,01/16/19,29,02/14/19,0.63
759,17.93,01/16/19,180,07/15/19,1.09
760,3.46,01/16/19,60,03/17/19,0.65
761,18.73,01/17/19,5,01/22/19,0.00
762,14.30,01/17/19,7,01/24/19,0.26
763,4.44,01/18/19,2,01/20/19,0.35
764,8.01,01/18/19,7,01/25/19,0.52
765,7.22,01/18/19,28,02/15/19,0.18
766,9.96,01/19/19,1,01/20/19,0.00
767,9.41,01/19/19,5,01/24/19,0.00
768,12.30,01/20/19,90,04/20/19,0.34
769,5.53,01/21/19,90,04/21/19,0.60
770,5.32,01/21/19,10,01/31/19,0.42
771,1.03,01/21/19,10,01/31/19,0.05
772,11.24,01/21/19,1,01/22/19,0.00
773,18.61,01/22/19,28,02/19/19,0.41
774,3.19,01/23/19,1,01/24/19,0.00
775,17.42,01/24/19,360,01/19/20,1.08
776,1.76,01/24/19,10,02/03/19,0.00
777,16.19,01/24/19,31,02/24/19,0.41
778,13.06,01/25/19,180,07/24/19,0.66
779,15.79,01/25/19,360,01/20/20,0.98
780,12.49,01/25/19,1,01/26/19,0.00
781,11.43,01/25/19,29,02/23/19,0.26
782,11.69,01/26/19,60,03/27/19,1.14
783,10.52,01/26/19,30,02/25/19,0.42
784,6.21,01/26/19,2,01/28/19,0.27
785,0.25,01/27/19,5,02/01/19,0.03
786,15.43,01/27/19,2,01/29/19,0.20
787,10.04,01/28/19,90,04/28/19,0.62
788,17.51,01/29/19,90,04/29/19,0.44
789,14.37,01/30/19,31,03/02/19,0.80
790,1.41,01/31/19,2,02/02/19,0.00
791,14.34,02/01/19,28,03/01/19,0.39
792,8.30,02/01/19,30,03/03/19,0.65
793,3.62,02/01/19,29,03/02/19,0.31
794,11.07,02/02/19,0,02/02/19,0.01
795,19.24,02/02/19,360,01/28/20,1.15
796,11.28,02/03/19,5,02/08/19,0.07
797,9.50,02/04/19,7,02/11/19,0.00
798,9.70,02/05/19,1,02/06/19,0.16
799,0.58,02/05/19,10,02/15/19,0.58
800,7.81,02/05/19,360,01/31/20,1.27
801,4.32,02/06/19,1,02/07/19,0.00
802,12.63,02/07/19,360,02/02/20,0.67
803,5.65,02/07/19,1,02/08/19,0.00
804,17.69,02/08/19,360,02/03/20,1.06
805,19.01,02/08/19,31,03/11/19,0.47
806,18.06,02/08/19,5,02/13/19,0.00
807,5.84,02/08/19,180,08/07/19,0.46
808,17.44,02/08/19,30,03/10/19,0.30
809,14.15,02/08/19,1,02/09/19,0.00
810,1.00,02/08/19,360,02/03/20,0.57
811,16.00,02/09/19,1,02/10/19,0.00
812,9.60,02/10/19,1,02/11/19,0.03
813,7.90,02/11/19,60,04/12/19,0.25
814,13.38,02/11/19,14,02/25/19,0.39
815,4.60,02/12/19,180,08/11/19,0.90
816,6.91,02/12/19,5,02/17/19,0.00
817,14.08,02/12/19,60,04/13/19,0.99
818,18.10,02/12/19,360,02/07/20,0.92
819,15.51,02/12/19,28,03/12/19,0.33
820,11.85,02/13/19,31,03/16/19,0.39
821,2.68,02/14/19,14,02/28/19,0.69
822,0.62,02/15/19,10,02/25/19,0.36
823,19.53,02/15/19,30,03/17/19,0.99
824,3.35,02/16/19,360,02/11/20,0.89
825,15.80,02/16/19,10,02/26/19,0.08
826,13.47,02/16/19,180,08/15/19,0.96
827,8.06,02/17/19,31,03/20/19,0.49
828,13.12,02/17/19,30,03/19/19,0.53
829,1.75,02/18/19,14,03/04/19,0.37
830,10.58,02/18/19,90,05/19/19,0.63
831,16.59,02/19/19,2,02/21/19,0.00
832,18.01,02/20/19,7,02/27/19,0.00
833,16.74,02/21/19,360,02/16/20,1.29
834,4.42,02/22/19,29,03/23/19,0.67
835,9.05,02/23/19,1,02/24/19,0.00
836,9.53,02/24/19,360,02/19/20,0.86
837,5.31,02/25/19,180,08/24/19,0.44
838,18.24,02/26/19,28,03/26/19,0.04
839,10.71,02/27/19,90,05/28/19,0.51
840,2.92,02/28/19,180,08/27/19,0.52
841,12.30,03/01/19,2,03/03/19,0.06
842,11.77,03/02/19,7,03/09/19,0.12
843,9.42,03/02/19,5,03/07/19,0.45
844,13.85,03/02/19,5,03/07/19,0.00
845,0.96,03/03/19,1,03/04/19,0.00
846,12.89,03/03/19,5,03/08/19,0.00
847,0.38,03/03/19,29,04/01/19,0.88
848,9.84,03/03/19,14,03/17/19,0.00
849,8.97,03/04/19,0,03/04/19,0.00
850,17.18,03/04/19,10,03/14/19,0.27
851,14.04,03/04/19,360,02/27/20,0.62
852,16.16,03/04/19,31,04/04/19,0.56
853,16.52,03/05/19,360,02/28/20,0.57
854,13.39,03/05/19,31,04/05/19,0.72
855,6.17,03/05/19,14,03/19/19,0.00
856,11.74,03/06/19,31,04/06/19,0.84
857,14.62,03/06/19,360,02/29/20,1.19
858,1.69,03/06/19,90,06/04/19,0.41
859,17.17,03/07/19,1,03/08/19,0.00
860,19.96,03/08/19,31,04/08/19,1.07
861,0.35,03/08/19,7,03/15/19,0.27
862,2.17,03/08/19,29,04/06/19,0.56
863,18.61,03/08/19,31,04/08/19,0.23
864,7.02,03/08/19,180,09/04/19,1.18
865,15.28,03/08/19,30,04/07/19,0.62
866,12.36,03/08/19,90,06/06/19,0.70
867,5.12,03/09/19,180,09/05/19,0.88
868,12.32,03/09/19,28,04/06/19,0.46
869,2.48,03/09/19,10,03/19/19,0.00
870,17.90,03/09/19,10,03/19/19,0.00
871,5.21,03/09/19,30,04/08/19,0.22
872,9.80,03/09/19,7,03/16/19,0.00
873,9.91,03/10/19,28,04/07/19,0.82
874,18.93,03/11/19,1,03/12/19,0.00
875,8.58,03/11/19,31,04/11/19,0.44
876,8.02,03/12/19,60,05/11/19,1.13
877,9.62,03/13/19,360,03/07/20,0.67
878,11.66,03/13/19,30,04/12/19,0.66
879,1.53,03/13/19,14,03/27/19,0.41
880,2.62,03/13/19,1,03/14/19,0.00
881,7.76,03/13/19,90,06/11/19,0.38
882,0.26,03/13/19,360,03/07/20,0.51
883,3.70,03/13/19,28,04/10/19,0.86
884,3.31,03/13/19,29,04/11/19,0.62
885,12.20,03/13/19,2,03/15/19,0.34
886,13.72,03/13/19,1,03/14/19,0.00
887,4.90,03/14/19,30,04/13/19,0.67
888,15.36,03/15/19,2,03/17/19,0.25
889,9.42,03/16/19,90,06/14/19,0.87
890,9.16,03/17/19,1,03/18/19,0.00
891,9.35,03/18/19,180,09/14/19,0.49
892,17.92,03/18/19,7,03/25/19,0.00
893,6.22,03/18/19,1,03/19/19,0.00
894,4.85,03/18/19,14,04/01/19,0.00
895,16.82,03/19/19,60,05/18/19,0.81
896,13.30,03/20/19,30,04/19/19,0.74
897,3.15,03/21/19,360,03/15/20,0.99
898,14.44,03/21/19,14,04/04/19,0.04
899,1.67,03/21/19,30,04/20/19,0.40
900,9.17,03/21/19,1,03/22/19,0.00
901,0.74,03/22/19,10,04/01/19,0.00
902,14.94,03/22/19,360,03/16/20,0.87
903,7.34,03/22/19,10,04/01/19,0.43
904,1.39,03/22/19,180,09/18/19,1.21
905,8.79,03/23/19,30,04/22/19,0.94
906,11.74,03/24/19,1,03/25/19,0.00
907,9.20,03/25/19,60,05/24/19,0.66
908,3.04,03/25/19,360,03/19/20,0.82
909,8.31,03/26/19,90,06/24/19,0.82
910,7.62,03/27/19,5,04/01/19,0.00
911,18.83,03/28/19,29,04/26/19,0.86
912,12.00,03/28/19,29,04/26/19,0.18
913,17.99,03/29/19,2,03/31/19,0.00
914,5.36,03/29/19,30,04/28/19,0.55
915,2.36,03/30/19,29,04/28/19,0.69
916,7.97,03/31/19,1,04/01/19,0.00
917,2.12,03/31/19,31,05/01/19,1.10
918,15.63,04/01/19,180,09/28/19,0.65
919,1.14,04/01/19,31,05/02/19,0.22
920,16.98,04/01/19,7,04/08/19,0.40
921,4.92,04/02/19,31,05/03/19,0.70
922,19.87,04/02/19,30,05/02/19,0.97
923,0.59,04/03/19,7,04/10/19,0.49
924,12.59,04/03/19,14,04/17/19,0.00
925,19.50,04/03/19,1,04/04/19,0.00
926,11.67,04/03/19,7,04/10/19,0.21
927,9.34,04/04/19,0,04/04/19,0.00
928,16.82,04/05/19,2,04/07/19,0.00
929,15.71,04/05/19,14,04/19/19,0.24
930,2.55,04/06/19,1,04/07/19,0.14
931,6.37,04/07/19,90,07/06/19,0.28
932,8.05,04/08/19,0,04/08/19,0.00
933,11.75,04/08/19,30,05/08/19,0.57
934,1.97,04/08/19,0,04/08/19,0.00
935,18.93,04/09/19,14,04/23/19,0.78
936,1.26,04/09/19,60,06/08/19,1.03
937,8.02,04/10/19,30,05/10/19,0.23
938,16.87,04/11/19,14,04/25/19,0.76
939,16.08,04/11/19,0,04/11/19,0.00
940,5.35,04/12/19,360,04/06/20,1.43
941,16.43,04/12/19,180,10/09/19,1.03
942,5.89,04/13/19,30,05/13/19,0.41
943,1.79,04/13/19,28,05/11/19,0.16
944,6.32,04/14/19,14,04/28/19,0.07
945,9.46,04/14/19,180,10/11/19,0.85
946,19.09,04/14/19,2,04/16/19,0.09
947,8.40,04/15/19,28,05/13/19,0.25
948,2.82,04/15/19,60,06/14/19,0.47
949,11.65,04/15/19,5,04/20/19,0.39
950,15.18,04/15/19,10,04/25/19,0.48
951,12.34,04/15/19,14,04/29/19,0.19
952,13.89,04/16/19,90,07/15/19,0.53
953,0.56,04/17/19,1,04/18/19,0.00
954,12.47,04/17/19,360,04/11/20,0.72
955,10.65,04/18/19,5,04/23/19,0.44
956,3.31,04/19/19,360,04/13/20,1.02
957,2.50,04/19/19,31,05/20/19,0.68
958,15.48,04/20/19,2,04/22/19,0.30
959,9.22,04/21/19,30,05/21/19,0.80
960,8.38,04/22/19,0,04/22/19,0.05
961,4.85,04/22/19,31,05/23/19,0.99
962,5.34,04/23/19,60,06/22/19,0.85
963,13.33,04/23/19,180,10/20/19,0.61
964,15.99,04/24/19,14,05/08/19,0.00
965,17.02,04/25/19,10,05/05/19,0.09
966,0.07,04/26/19,60,06/25/19,0.78
967,9.42,04/26/19,2,04/28/19,0.27
968,9.26,04/27/19,30,05/27/19,0.17
969,16.01,04/27/19,360,04/21/20,0.57
970,17.22,04/27/19,28,05/25/19,0.11
971,3.00,04/28/19,30,05/28/19,1.03
972,4.77,04/29/19,180,10/26/19,0.70
973,16.09,04/29/19,60,06/28/19,0.72
974,8.26,04/29/19,7,05/06/19,0.00
975,16.32,04/30/19,31,05/31/19,0.36
976,5.38,04/30/19,90,07/29/19,0.89
977,10.70,05/01/19,29,05/30/19,0.53
978,4.21,05/02/19,180,10/29/19,1.24
979,0.72,05/02/19,1,05/03/19,0.00
980,5.27,05/03/19,7,05/10/19,0.00
981,8.65,05/04/19,90,08/02/19,1.17
982,11.28,05/04/19,7,05/11/19,0.00
983,7.48,05/04/19,360,04/28/20,1.23
984,13.23,05/05/19,31,06/05/19,0.69
985,19.80,05/06/19,31,06/06/19,0.47
986,15.86,05/07/19,90,08/05/19,0.85
987,2.48,05/08/19,28,06/05/19,0.44
988,9.83,05/09/19,29,06/07/19,0.01
989,14.46,05/09/19,1,05/10/19,0.00
990,8.74,05/10/19,7,05/17/19,0.38
991,8.26,05/11/19,180,11/07/19,0.31
992,12.77,05/11/19,28,06/08/19,0.67
993,16.29,05/12/19,30,06/11/19,0.61
994,14.38,05/12/19,30,06/11/19,0.77
995,7.19,05/13/19,28,06/10/19,0.47
996,13.29,05/14/19,28,06/11/19,0.69
997,9.88,05/14/19,90,08/12/19,0.53
998,6.66,05/15/19,360,05/09/20,1.18
999,7.82,05/15/19,10,05/25/19,0.21
1000,4.99,05/16/19,0,05/16/19,0.00
1001,19.42,05/17/19,180,11/13/19,0.99
1002,1.24,05/18/19,60,07/17/19,0.54
1003,19.76,05/18/19,1,05/19/19,0.00
1004,16.10,05/19/19,2,05/21/19,0.00
1005,19.24,05/20/19,180,11/16/19,1.00
1006,8.11,05/21/19,2,05/23/19,0.00
1007,10.93,05/21/19,7,05/28/19,0.00
1008,8.45,05/21/19,360,05/15/20,0.71
1009,1.90,05/21/19,7,05/28/19,0.41
1010,0.76,05/21/19,31,06/21/19,0.16
1011,8.40,05/22/19,5,05/27/19,0.00
1012,3.67,05/23/19,10,06/02/19,0.00
1013,3.55,05/24/19,60,07/23/19,0.37
1014,10.38,05/25/19,2,05/27/19,0.22
1015,5.36,05/25/19,14,06/08/19,0.63
1016,7.57,05/26/19,5,05/31/19,0.00
1017,13.99,05/27/19,2,05/29/19,0.00
1018,9.27,05/28/19,28,06/25/19,0.89
1019,13.97,05/28/19,90,08/26/19,0.43
1020,3.23,05/29/19,60,07/28/19,0.32
1021,4.07,05/29/19,60,07/28/19,0.62
1022,11.12,05/30/19,29,06/28/19,0.91
1023,6.99,05/31/19,60,07/30/19,0.78
1024,0.95,06/01/19,14,06/15/19,0.32
1025,18.34,06/02/19,1,06/03/19,0.00
1026,17.55,06/03/19,31,07/04/19,1.02
1027,10.49,06/03/19,10,06/13/19,0.35
1028,8.17,06/04/19,31,07/05/19,0.58
1029,8.44,06/05/19,30,07/05/19,0.94
1030,15.28,06/06/19,7,06/13/19,0.53
1031,1.31,06/06/19,7,06/13/19,0.36
1032,1.03,06/07/19,7,06/14/19,0.00
1033,3.90,06/07/19,60,08/06/19,1.02
1034,8.32,06/08/19,180,12/05/19,0.46
1035,6.39,06/08/19,360,06/02/20,1.32
1036,4.17,06/08/19,360,06/02/20,0.66
1037,2.23,06/09/19,360,06/03/20,1.02
1038,6.03,06/10/19,360,06/04/20,1.40
1039,7.83,06/11/19,14,06/25/19,0.00
1040,3.05,06/12/19,1,06/13/19,0.00
1041,3.03,06/13/19,7,06/20/19,0.00
1042,2.71,06/14/19,30,07/14/19,0.51
1043,5.26,06/15/19,1,06/16/19,0.00
1044,14.46,06/15/19,2,06/17/19,0.00
1045,8.66,06/16/19,360,06/10/20,0.44
1046,12.61,06/16/19,30,07/16/19,0.45
1047,16.81,06/16/19,10,06/26/19,0.51
1048,5.38,06/17/19,5,06/22/19,0.00
1049,3.56,06/18/19,2,06/20/19,0.00
1050,2.07,06/19/19,7,06/26/19,0.39
1051,5.18,06/20/19,7,06/27/19,0.21
1052,12.64,06/21/19,90,09/19/19,0.71
1053,6.93,06/22/19,29,07/21/19,0.86
1054,6.28,06/22/19,60,08/21/19,1.08
1055,11.74,06/23/19,5,06/28/19,0.00
1056,3.38,06/23/19,7,06/30/19,0.25
1057,9.87,06/24/19,30,07/24/19,0.74
1058,12.83,06/25/19,2,06/27/19,0.15
1059,6.62,06/25/19,5,06/30/19,0.36
1060,0.51,06/26/19,60,08/25/19,0.95
1061,16.35,06/27/19,360,06/21/20,1.29
1062,12.94,06/28/19,90,09/26/19,1.02
1063,9.93,06/28/19,14,07/12/19,0.50
1064,1.76,06/28/19,30,07/28/19,0.25
1065,7.03,06/29/19,360,06/23/20,0.83
1066,14.92,06/29/19,28,07/27/19,0.00
1067,7.44,06/29/19,90,09/27/19,0.28
1068,5.36,06/30/19,2,07/02/19,0.00
1069,3.45,06/30/19,5,07/05/19,0.00
1070,3.73,07/01/19,29,07/30/19,0.30
1071,18.11,07/01/19,31,08/01/19,1.15
1072,3.44,07/02/19,180,12/29/19,1.11
1073,9.56,07/02/19,29,07/31/19,0.90
1074,4.62,07/02/19,2,07/04/19,0.33
1075,12.26,07/03/19,28,07/31/19,0.06
1076,0.46,07/03/19,180,12/30/19,1.22
1077,15.60,07/04/19,0,07/04/19,0.00
1078,8.21,07/04/19,29,08/02/19,0.90
1079,17.53,07/04/19,31,08/04/19,0.77
1080,15.69,07/05/19,360,06/29/20,0.75
1081,3.36,07/06/19,10,07/16/19,0.38
1082,12.83,07/06/19,2,07/08/19,0.00
1083,2.14,07/06/19,90,10/04/19,0.27
1084,5.57,07/06/19,29,08/04/19,0.59
1085,17.42,07/06/19,180,01/02/20,0.91
1086,9.61,07/06/19,90,10/04/19,1.14
1087,19.18,07/07/19,30,08/06/19,0.17
1088,12.00,07/07/19,180,01/03/20,0.42
1089,3.97,07/08/19,14,07/22/19,0.09
1090,11.22,07/08/19,5,07/13/19,0.00
1091,10.58,07/09/19,30,08/08/19,0.26
1092,3.33,07/10/19,28,08/07/19,0.58
1093,17.80,07/11/19,360,07/05/20,1.04
1094,13.72,07/12/19,360,07/06/20,0.44
1095,16.90,07/12/19,360,07/06/20,1.18
1096,4.10,07/13/19,31,08/13/19,0.72
1097,7.65,07/14/19,31,08/14/19,0.99
1098,11.76,07/14/19,7,07/21/19,0.07
1099,3.47,07/14/19,10,07/24/19,0.02
1100,10.56,07/14/19,31,08/14/19,0.82
1101,10.62,07/15/19,90,10/13/19,1.13
1102,14.63,07/15/19,14,07/29/19,0.60
1103,5.21,07/15/19,360,07/09/20,1.01
1104,8.52,07/15/19,180,01/11/20,1.09
1105,18.27,07/15/19,360,07/09/20,1.36
1106,4.35,07/16/19,0,07/16/19,0.00
1107,8.59,07/17/19,29,08/15/19,0.10
1108,17.85,07/18/19,1,07/19/19,0.08
1109,17.31,07/19/19,29,08/17/19,0.20
1110,4.79,07/19/19,30,08/18/19,0.17
1111,10.25,07/20/19,360,07/14/20,0.53
1112,9.41,07/20/19,1,07/21/19,0.05
1113,5.08,07/20/19,31,08/20/19,1.12
1114,4.54,07/20/19,14,08/03/19,0.07
1115,11.07,07/21/19,28,08/18/19,0.06
1116,10.00,07/22/19,31,08/22/19,0.76
1117,1.33,07/23/19,180,01/19/20,0.67
1118,1.67,07/24/19,5,07/29/19,0.00
1119,9.35,07/25/19,180,01/21/20,0.78
1120,16.19,07/25/19,29,08/23/19,0.36
1121,5.91,07/25/19,60,09/23/19,0.70
1122,14.21,07/25/19,360,07/19/20,0.90
1123,3.33,07/26/19,180,01/22/20,0.99
1124,2.68,07/27/19,14,08/10/19,0.10
1125,8.10,07/27/19,1,07/28/19,0.00
1126,8.00,07/27/19,7,08/03/19,0.14
1127,7.72,07/27/19,29,08/25/19,0.55
1128,17.13,07/27/19,29,08/25/19,0.96
1129,17.79,07/27/19,90,10/25/19,0.88
1130,4.75,07/28/19,1,07/29/19,0.00
1131,8.63,07/28/19,1,07/29/19,0.00
1132,11.21,07/28/19,29,08/26/19,0.75
1133,4.71,07/29/19,2,07/31/19,0.00
1134,5.14,07/29/19,29,08/27/19,0.96
1135,6.81,07/29/19,2,07/31/19,0.00
1136,2.67,07/30/19,7,08/06/19,0.00
1137,0.67,07/30/19,2,08/01/19,0.11
1138,2.32,07/31/19,14,08/14/19,0.40
1139,17.07,07/31/19,30,08/30/19,0.97
1140,1.09,07/31/19,90,10/29/19,0.65
1141,6.90,07/31/19,360,07/25/20,0.95
1142,11.77,08/01/19,1,08/02/19,0.00
1143,13.88,08/02/19,28,08/30/19,0.43
1144,0.69,08/02/19,90,10/31/19,0.91
1145,1.86,08/03/19,90,11/01/19,0.27
1146,1.04,08/04/19,2,08/06/19,0.10
1147,15.37,08/04/19,180,01/31/20,0.58
1148,1.72,08/04/19,360,07/29/20,1.22
1149,9.97,08/05/19,360,07/30/20,1.16
1150,5.39,08/05/19,360,07/30/20,0.95
1151,3.03,08/05/19,10,08/15/19,0.20
1152,17.05,08/06/19,7,08/13/19,0.00
1153,12.88,08/06/19,60,10/05/19,1.17
1154,11.54,08/07/19,5,08/12/19,0.00
1155,7.14,08/08/19,10,08/18/19,0.00
1156,18.28,08/08/19,14,08/22/19,0.41
1157,18.92,08/09/19,28,09/06/19,0.71
1158,5.64,08/10/19,29,09/08/19,0.73
1159,7.66,08/10/19,30,09/09/19,0.37
1160,1.13,08/10/19,1,08/11/19,0.00
1161,12.99,08/11/19,30,09/10/19,0.91
1162,6.21,08/11/19,1,08/12/19,0.07
1163,14.65,08/11/19,180,02/07/20,0.26
1164,13.11,08/12/19,31,09/12/19,0.54
1165,2.56,08/13/19,5,08/18/19,0.00
1166,6.42,08/13/19,5,08/18/19,0.00
1167,5.45,08/13/19,0,08/13/19,0.00
1168,0.46,08/13/19,30,09/12/19,0.76
1169,8.94,08/14/19,28,09/11/19,0.42
1170,8.01,08/14/19,10,08/24/19,0.30
1171,14.94,08/14/19,5,08/19/19,0.26
1172,13.28,08/14/19,31,09/14/19,0.33
1173,1.82,08/15/19,60,10/14/19,0.51
1174,15.05,08/15/19,180,02/11/20,0.77
1175,1.63,08/15/19,2,08/17/19,0.21
1176,5.86,08/16/19,30,09/15/19,0.53
1177,11.41,08/16/19,5,08/21/19,0.01
1178,0.82,08/17/19,90,11/15/19,0.32
1179,8.86,08/18/19,360,08/12/20,0.87
1180,8.19,08/19/19,28,09/16/19,0.68
1181,17.61,08/19/19,90,11/17/19,0.88
1182,18.26,08/20/19,360,08/14/20,0.56
1183,14.94,08/21/19,360,08/15/20,1.26
1184,12.87,08/21/19,360,08/15/20,0.47
1185,2.53,08/21/19,14,09/04/19,0.00
1186,10.32,08/21/19,360,08/15/20,0.81
1187,3.22,08/21/19,90,11/19/19,0.40
1188,0.49,08/21/19,90,11/19/19,1.16
1189,3.10,08/22/19,29,09/20/19,0.09
1190,1.06,08/22/19,180,02/18/20,0.71
1191,11.50,08/22/19,60,10/21/19,0.55
1192,14.59,08/23/19,31,09/23/19,0.56
1193,3.06,08/23/19,30,09/22/19,0.36
1194,13.85,08/23/19,1,08/24/19,0.00
1195,19.17,08/23/19,28,09/20/19,0.38
1196,3.85,08/24/19,360,08/18/20,0.56
1197,12.88,08/25/19,30,09/24/19,0.67
1198,12.94,08/26/19,28,09/23/19,0.45
1199,15.98,08/26/19,90,11/24/19,0.76
1200,4.94,08/27/19,360,08/21/20,0.80
1201,10.54,08/28/19,1,08/29/19,0.00
1202,3.50,08/29/19,5,09/03/19,0.33
1203,17.39,08/29/19,90,11/27/19,0.94
1204,10.56,08/29/19,29,09/27/19,0.88
1205,5.55,08/30/19,30,09/29/19,0.41
1206,9.89,08/31/19,90,11/29/19,0.50
1207,12.16,08/31/19,10,09/10/19,0.00
1208,11.93,08/31/19,28,09/28/19,0.35
1209,3.28,09/01/19,30,10/01/19,0.18
1210,4.73,09/01/19,28,09/29/19,0.00
1211,5.17,09/01/19,30,10/01/19,0.54
1212,18.02,09/01/19,29,09/30/19,0.91
1213,17.41,09/02/19,14,09/16/19,0.75
1214,6.07,09/02/19,2,09/04/19,0.00
1215,4.06,09/03/19,10,09/13/19,0.00
1216,17.05,09/03/19,360,08/28/20,0.65
1217,3.89,09/03/19,1,09/04/19,0.00
1218,5.97,09/03/19,360,08/28/20,0.60
1219,10.28,09/04/19,90,12/03/19,0.50
1220,2.00,09/04/19,10,09/14/19,0.32
1221,13.26,09/05/19,1,09/06/19,0.00
1222,2.81,09/06/19,30,10/06/19,0.52
1223,8.95,09/07/19,14,09/21/19,0.24
1224,3.73,09/07/19,360,09/01/20,0.55
1225,13.92,09/07/19,29,10/06/19,0.55
1226,1.56,09/08/19,10,09/18/19,0.32
1227,5.53,09/08/19,10,09/18/19,0.00
1228,11.80,09/08/19,2,09/10/19,0.04
1229,3.57,09/08/19,7,09/15/19,0.05
1230,13.76,09/09/19,360,09/03/20,0.46
1231,10.15,09/09/19,7,09/16/19,0.00
1232,13.08,09/10/19,5,09/15/19,0.21
1233,9.56,09/10/19,5,09/15/19,0.16
1234,4.88,09/10/19,360,09/04/20,1.00
1235,10.79,09/11/19,10,09/21/19,0.00
1236,4.23,09/12/19,180,03/10/20,0.95
1237,2.75,09/13/19,2,09/15/19,0.00
1238,4.36,09/13/19,29,10/12/19,0.04
1239,2.43,09/14/19,60,11/13/19,0.59
1240,15.12,09/15/19,7,09/22/19,0.12
1241,2.75,09/16/19,360,09/10/20,1.19
1242,5.59,09/16/19,7,09/23/19,0.48
1243,15.31,09/17/19,5,09/22/19,0.00
1244,10.56,09/17/19,60,11/16/19,0.67
1245,9.19,09/17/19,360,09/11/20,1.04
1246,11.24,09/17/19,28,10/15/19,0.72
1247,15.04,09/18/19,0,09/18/19,0.00
1248,17.23,09/18/19,14,10/02/19,0.10
1249,1.01,09/19/19,60,11/18/19,0.81
1250,14.72,09/19/19,29,10/18/19,0.40
1251,10.38,09/19/19,30,10/19/19,0.47
1252,3.19,09/19/19,5,09/24/19,0.00
1253,4.60,09/20/19,1,09/21/19,0.00
1254,14.97,09/21/19,2,09/23/19,0.28
1255,4.93,09/21/19,1,09/22/19,0.00
1256,18.95,09/22/19,180,03/20/20,1.14
1257,18.19,09/22/19,30,10/22/19,0.35
1258,11.91,09/22/19,14,10/06/19,0.64
1259,0.65,09/23/19,90,12/22/19,0.71
1260,15.41,09/23/19,14,10/07/19,0.08
1261,19.28,09/24/19,28,10/22/19,0.81
1262,10.92,09/25/19,360,09/19/20,0.81
1263,5.57,09/25/19,60,11/24/19,0.38
1264,6.29,09/26/19,360,09/20/20,1.01
1265,17.62,09/27/19,180,03/25/20,0.70
1266,19.40,09/28/19,10,10/08/19,0.15
1267,11.89,09/29/19,28,10/27/19,0.17
1268,1.54,09/30/19,28,10/28/19,0.34
1269,11.72,10/01/19,360,09/25/20,1.05
1270,2.85,10/01/19,31,11/01/19,0.21
1271,17.82,10/01/19,180,03/29/20,0.33
1272,3.45,10/02/19,31,11/02/19,0.58
1273,11.53,10/03/19,1,10/04/19,0.00
1274,11.05,10/03/19,2,10/05/19,0.25
1275,13.89,10/03/19,90,01/01/20,0.89
1276,6.92,10/04/19,10,10/14/19,0.00
1277,7.29,10/05/19,30,11/04/19,0.72
1278,12.56,10/06/19,60,12/05/19,0.76
1279,7.95,10/06/19,1,10/07/19,0.00
1280,10.18,10/07/19,5,10/12/19,0.29
1281,10.12,10/07/19,180,04/04/20,0.33
1282,8.91,10/07/19,360,10/01/20,1.39
1283,5.28,10/08/19,14,10/22/19,0.76
1284,9.52,10/08/19,14,10/22/19,0.16
1285,14.44,10/09/19,29,11/07/19,0.54
1286,4.47,10/09/19,90,01/07/20,0.91
1287,10.51,10/10/19,29,11/08/19,0.10
1288,0.29,10/11/19,2,10/13/19,0.00
1289,10.05,10/12/19,7,10/19/19,0.27
1290,12.38,10/13/19,10,10/23/19,0.25
1291,12.66,10/14/19,7,10/21/19,0.00
1292,6.59,10/15/19,30,11/14/19,0.81
1293,4.64,10/15/19,10,10/25/19,0.02
1294,13.13,10/15/19,29,11/13/19,0.03
1295,3.54,10/16/19,0,10/16/19,0.00
1296,7.96,10/17/19,90,01/15/20,0.84
1297,17.95,10/18/19,2,10/20/19,0.34
1298,11.57,10/18/19,5,10/23/19,0.38
1299,2.79,10/19/19,7,10/26/19,0.00
1300,0.62,10/20/19,360,10/14/20,1.42
1301,4.81,10/20/19,7,10/27/19,0.25
1302,12.27,10/21/19,90,01/19/20,0.32
1303,0.96,10/21/19,5,10/26/19,0.00
1304,0.45,10/22/19,60,12/21/19,0.64
1305,5.84,10/23/19,10,11/02/19,0.00
1306,4.20,10/24/19,180,04/21/20,0.79
1307,7.04,10/24/19,28,11/21/19,0.42
1308,13.81,10/24/19,60,12/23/19,0.94
1309,9.66,10/25/19,1,10/26/19,0.00
1310,14.26,10/25/19,180,04/22/20,0.38
1311,17.99,10/25/19,29,11/23/19,0.58
1312,11.76,10/25/19,10,11/04/19,0.52
1313,10.25,10/26/19,0,10/26/19,0.07
1314,10.33,10/27/19,2,10/29/19,0.00
1315,0.73,10/27/19,31,11/27/19,0.75
1316,5.96,10/28/19,1,10/29/19,0.00
1317,6.84,10/28/19,31,11/28/19,0.27
1318,2.77,10/28/19,5,11/02/19,0.00
1319,4.09,10/28/19,5,11/02/19,0.00
1320,1.40,10/29/19,5,11/03/19,0.47
1321,7.47,10/29/19,29,11/27/19,0.05
1322,3.99,10/30/19,90,01/28/20,0.30
1323,17.24,10/30/19,360,10/24/20,0.88
1324,17.86,10/31/19,2,11/02/19,0.26
1325,8.99,11/01/19,14,11/15/19,0.54
1326,14.07,11/01/19,10,11/11/19,0.42
1327,13.29,11/02/19,5,11/07/19,0.04
1328,14.46,11/02/19,29,12/01/19,0.70
1329,18.01,11/03/19,7,11/10/19,0.00
1330,12.26,11/03/19,30,12/03/19,0.99
1331,15.50,11/03/19,14,11/17/19,0.69
1332,13.94,11/04/19,5,11/09/19,0.00
1333,6.28,11/04/19,14,11/18/19,0.25
1334,0.12,11/05/19,360,10/30/20,0.65
1335,18.26,11/05/19,29,12/04/19,0.42
1336,7.00,11/06/19,7,11/13/19,0.00
1337,7.21,11/06/19,60,01/05/20,0.69
1338,0.86,11/06/19,29,12/05/19,0.99
1339,19.52,11/06/19,5,11/11/19,0.03
1340,12.87,11/07/19,1,11/08/19,0.03
1341,13.27,11/08/19,10,11/18/19,0.00
1342,10.92,11/08/19,14,11/22/19,0.18
1343,11.97,11/09/19,1,11/10/19,0.00
1344,0.75,11/09/19,14,11/23/19,0.83
1345,2.88,11/09/19,180,05/07/20,0.63
1346,7.03,11/09/19,31,12/10/19,0.27
1347,3.93,11/09/19,10,11/19/19,0.09
1348,13.95,11/09/19,31,12/10/19,0.91
1349,2.94,11/09/19,30,12/09/19,0.86
1350,7.14,11/09/19,30,12/09/19,0.28
1351,10.08,11/09/19,29,12/08/19,0.01
1352,7.32,11/09/19,1,11/10/19,0.00
1353,16.23,11/10/19,10,11/20/19,0.00
1354,1.54,11/10/19,10,11/20/19,0.00
1355,14.38,11/11/19,14,11/25/19,0.12
1356,7.33,11/12/19,180,05/10/20,0.59
1357,12.04,11/12/19,31,12/13/19,0.49
1358,7.09,11/13/19,10,11/23/19,0.00
1359,1.31,11/13/19,5,11/18/19,0.06
1360,15.52,11/14/19,29,12/13/19,0.75
1361,17.21,11/15/19,2,11/17/19,0.00
1362,15.46,11/16/19,60,01/15/20,1.14
1363,12.07,11/16/19,60,01/15/20,0.51
1364,15.01,11/16/19,14,11/30/19,0.36
1365,9.61,11/16/19,31,12/17/19,0.58
1366,0.79,11/16/19,360,11/10/20,0.92
1367,5.88,11/17/19,29,12/16/19,0.88
1368,1.77,11/18/19,29,12/17/19,0.44
1369,6.10,11/18/19,31,12/19/19,0.64
1370,5.51,11/19/19,28,12/17/19,0.28
1371,1.03,11/19/19,30,12/19/19,0.96
1372,12.48,11/19/19,5,11/24/19,0.10
1373,17.76,11/20/19,5,11/25/19,0.44
1374,7.28,11/21/19,5,11/26/19,0.00
1375,10.21,11/21/19,360,11/15/20,0.86
1376,17.78,11/21/19,10,12/01/19,0.00
1377,7.92,11/22/19,2,11/24/19,0.00
1378,3.47,11/23/19,30,12/23/19,0.98
1379,11.20,11/24/19,29,12/23/19,0.63
1380,9.44,11/24/19,30,12/24/19,0.68
1381,10.29,11/24/19,7,12/01/19,0.00
1382,14.06,11/24/19,180,05/22/20,1.07
1383,15.43,11/25/19,30,12/25/19,0.68
1384,18.44,11/26/19,2,11/28/19,0.21
1385,4.94,11/26/19,60,01/25/20,0.95
1386,2.13,11/26/19,90,02/24/20,0.85
1387,0.43,11/27/19,7,12/04/19,0.00
1388,14.44,11/27/19,180,05/25/20,0.93
1389,1.37,11/27/19,5,12/02/19,0.39
1390,7.87,11/27/19,30,12/27/19,1.08
1391,7.98,11/27/19,5,12/02/19,0.00
1392,7.67,11/27/19,10,12/07/19,0.00
1393,12.08,11/28/19,14,12/12/19,0.67
1394,19.71,11/28/19,31,12/29/19,0.82
1395,4.95,11/28/19,360,11/22/20,0.86
1396,1.43,11/29/19,360,11/23/20,0.78
1397,1.11,11/30/19,60,01/29/20,0.21
1398,1.60,12/01/19,2,12/03/19,0.00
1399,16.09,12/01/19,90,02/29/20,0.31
1400,9.51,12/01/19,2,12/03/19,0.35
1401,7.23,12/02/19,0,12/02/19,0.00
1402,13.57,12/02/19,14,12/16/19,0.24
1403,5.90,12/03/19,7,12/10/19,0.10
1404,18.23,12/04/19,60,02/02/20,1.07
1405,3.03,12/04/19,28,01/01/20,0.01
1406,7.29,12/04/19,29,01/02/20,0.44
1407,2.59,12/05/19,28,01/02/20,0.36
1408,16.93,12/05/19,360,11/29/20,1.29
1409,3.93,12/05/19,14,12/19/19,0.31
1410,14.33,12/06/19,28,01/03/20,0.81
1411,9.60,12/07/19,360,12/01/20,1.15
1412,8.35,12/07/19,360,12/01/20,0.53
1413,16.92,12/08/19,0,12/08/19,0.01
1414,19.16,12/09/19,180,06/06/20,0.77
1415,2.36,12/09/19,1,12/10/19,0.00
1416,10.72,12/09/19,360,12/03/20,0.91
1417,12.40,12/09/19,5,12/14/19,0.13
1418,18.31,12/09/19,90,03/08/20,0.81
1419,0.45,12/09/19,90,03/08/20,0.42
1420,2.48,12/09/19,29,01/07/20,0.60
1421,5.70,12/09/19,360,12/03/20,0.86
1422,9.38,12/09/19,10,12/19/19,0.00
1423,19.00,12/10/19,14,12/24/19,0.45
1424,8.68,12/11/19,180,06/08/20,1.04
1425,13.77,12/11/19,1,12/12/19,0.00
1426,18.99,12/12/19,360,12/06/20,0.71
1427,2.52,12/12/19,31,01/12/20,0.22
1428,18.21,12/13/19,30,01/12/20,0.41
1429,19.14,12/13/19,360,12/07/20,0.94
1430,19.69,12/13/19,28,01/10/20,0.50
1431,1.67,12/13/19,360,12/07/20,1.39
1432,3.31,12/13/19,2,12/15/19,0.05
1433,18.62,12/13/19,28,01/10/20,0.88
1434,17.73,12/14/19,90,03/13/20,1.13
1435,14.84,12/14/19,30,01/13/20,0.37
1436,17.11,12/15/19,7,12/22/19,0.30
1437,16.70,12/15/19,31,01/15/20,0.92
1438,4.35,12/15/19,90,03/14/20,0.51
1439,17.56,12/16/19,180,06/13/20,0.81
1440,2.50,12/17/19,30,01/16/20,0.32
1441,12.46,12/18/19,31,01/18/20,0.34
1442,15.21,12/19/19,14,01/02/20,0.00
1443,17.99,12/19/19,1,12/20/19,0.00
1444,11.31,12/20/19,1,12/21/19,0.06
1445,5.71,12/21/19,360,12/15/20,0.49
1446,17.29,12/21/19,10,12/31/19,0.67
1447,0.97,12/21/19,29,01/19/20,0.35
1448,17.28,12/22/19,360,12/16/20,0.76
1449,13.46,12/22/19,180,06/19/20,1.02
1450,4.00,12/22/19,180,06/19/20,0.69
1451,15.78,12/22/19,1,12/23/19,0.05
1452,0.18,12/23/19,90,03/22/20,0.42
1453,10.53,12/23/19,30,01/22/20,1.04
1454,3.94,12/24/19,31,01/24/20,0.54
1455,6.77,12/25/19,90,03/24/20,0.39
1456,1.40,12/26/19,90,03/25/20,0.63
1457,11.92,12/27/19,30,01/26/20,0.97
1458,6.28,12/28/19,2,12/30/19,0.00
1459,11.33,12/28/19,10,01/07/20,0.62
1460,9.00,12/29/19,30,01/28/20,0.36
1461,11.59,12/29/19,180,06/26/20,0.56
1462,19.68,12/29/19,31,01/29/20,0.62
1463,8.84,12/30/19,29,01/28/20,0.14
1464,16.48,12/30/19,10,01/09/20,0.00
1465,1.90,12/31/19,60,02/29/20,0.27
1466,18.27,12/31/19,0,12/31/19,0.00
1467,13.70,01/01/20,28,01/29/20,0.70
1468,17.93,01/02/20,360,12/27/20,1.16
1469,0.49,01/03/20,1,01/04/20,0.00
1470,3.56,01/04/20,5,01/09/20,0.17
1471,19.38,01/05/20,0,01/05/20,0.00
1472,0.56,01/06/20,14,01/20/20,0.76
1473,6.52,01/06/20,10,01/16/20,0.24
1474,7.83,01/07/20,1,01/08/20,0.00
1475,14.57,01/08/20,28,02/05/20,0.35
1476,17.87,01/09/20,5,01/14/20,0.00
1477,13.28,01/09/20,14,01/23/20,0.00
1478,17.67,01/09/20,28,02/06/20,0.43
1479,12.28,01/09/20,7,01/16/20,0.43
1480,6.02,01/09/20,28,02/06/20,0.12
1481,11.19,01/09/20,1,01/10/20,0.01
1482,10.99,01/10/20,360,01/04/21,1.08
1483,2.42,01/10/20,29,02/08/20,0.11
1484,7.77,01/11/20,2,01/13/20,0.00
1485,14.72,01/11/20,31,02/11/20,1.00
1486,6.02,01/12/20,180,07/10/20,0.50
1487,8.06,01/12/20,7,01/19/20,0.00
1488,6.18,01/12/20,60,03/12/20,0.87
1489,0.78,01/13/20,28,02/10/20,0.52
1490,7.65,01/13/20,2,01/15/20,0.00
1491,12.17,01/14/20,14,01/28/20,0.00
1492,19.69,01/14/20,60,03/14/20,0.41
1493,5.77,01/15/20,60,03/15/20,0.76
1494,2.28,01/16/20,360,01/10/21,0.63
1495,16.85,01/17/20,31,02/17/20,0.88
1496,5.55,01/17/20,2,01/19/20,0.00
1497,2.58,01/18/20,360,01/12/21,1.25
1498,18.27,01/18/20,7,01/25/20,0.35
1499,18.19,01/18/20,360,01/12/21,0.89
1500,2.65,01/19/20,31,02/19/20,0.71
1501,14.57,01/19/20,1,01/20/20,0.00
1502,7.31,01/19/20,14,02/02/20,0.00
1503,18.27,01/20/20,360,01/14/21,0.93
1504,6.78,01/21/20,7,01/28/20,0.11
1505,7.51,01/22/20,10,02/01/20,0.65
1506,0.92,01/22/20,180,07/20/20,1.20
1507,8.68,01/22/20,31,02/22/20,0.93
1508,7.86,01/22/20,7,01/29/20,0.00
1509,8.39,01/22/20,5,01/27/20,0.00
1510,5.23,01/22/20,29,02/20/20,0.12
1511,0.89,01/23/20,360,01/17/21,1.18
1512,5.48,01/23/20,30,02/22/20,0.26
1513,18.76,01/24/20,31,02/24/20,0.62
1514,10.35,01/25/20,28,02/22/20,0.67
1515,19.03,01/25/20,180,07/23/20,0.64
1516,6.45,01/26/20,0,01/26/20,0.00
1517,7.21,01/27/20,28,02/24/20,0.80
1518,11.63,01/27/20,31,02/27/20,0.23
1519,7.20,01/28/20,29,02/26/20,0.84
1520,16.26,01/28/20,90,04/27/20,0.29
1521,3.68,01/28/20,28,02/25/20,0.12
1522,2.42,01/29/20,5,02/03/20,0.48
1523,0.41,01/30/20,90,04/29/20,0.39
1524,5.48,01/31/20,31,03/02/20,0.96
1525,10.60,01/31/20,2,02/02/20,0.00
1526,5.46,02/01/20,0,02/01/20,0.00
1527,16.01,02/02/20,0,02/02/20,0.00
1528,6.76,02/02/20,2,02/04/20,0.00
1529,1.55,02/03/20,30,03/04/20,0.49
1530,15.66,02/03/20,10,02/13/20,0.20
1531,14.35,02/03/20,60,04/03/20,0.43
1532,11.65,02/04/20,28,03/03/20,0.75
1533,8.12,02/04/20,2,02/06/20,0.11
1534,5.54,02/05/20,14,02/19/20,0.47
1535,18.63,02/05/20,29,03/05/20,0.99
1536,10.60,02/05/20,0,02/05/20,0.00
1537,2.30,02/06/20,5,02/11/20,0.38
1538,7.00,02/06/20,2,02/08/20,0.01
1539,5.05,02/06/20,2,02/08/20,0.08
1540,1.17,02/07/20,360,02/01/21,1.30
1541,2.80,02/08/20,5,02/13/20,0.00
1542,6.80,02/08/20,29,03/08/20,0.97
1543,5.06,02/08/20,5,02/13/20,0.00
1544,16.75,02/08/20,28,03/07/20,0.73
1545,5.36,02/08/20,14,02/22/20,0.00
1546,7.09,02/09/20,10,02/19/20,0.00
1547,4.56,02/09/20,28,03/08/20,0.69
1548,10.87,02/09/20,90,05/09/20,0.48
1549,7.75,02/09/20,90,05/09/20,1.24
1550,8.63,02/10/20,360,02/04/21,1.06
1551,1.87,02/11/20,31,03/13/20,0.93
1552,6.91,02/11/20,1,02/12/20,0.16
1553,19.70,02/11/20,30,03/12/20,0.83
1554,18.82,02/12/20,360,02/06/21,1.06
1555,8.95,02/12/20,5,02/17/20,0.00
1556,2.41,02/12/20,180,08/10/20,0.57
1557,2.14,02/13/20,360,02/07/21,1.43
1558,5.41,02/14/20,29,03/14/20,0.68
1559,7.72,02/14/20,7,02/21/20,0.44
1560,11.69,02/15/20,5,02/20/20,0.00
1561,6.72,02/15/20,0,02/15/20,0.02
1562,2.63,02/16/20,14,03/01/20,0.03
1563,16.85,02/16/20,29,03/16/20,0.35
1564,5.69,02/16/20,14,03/01/20,0.28
1565,8.46,02/16/20,14,03/01/20,0.58
1566,11.60,02/17/20,360,02/11/21,1.33
1567,3.29,02/17/20,1,02/18/20,0.00
1568,4.49,02/18/20,28,03/17/20,0.00
1569,2.16,02/19/20,10,02/29/20,0.53
1570,2.57,02/19/20,5,02/24/20,0.35
1571,10.36,02/19/20,29,03/19/20,0.52
1572,12.14,02/20/20,90,05/20/20,0.78
1573,14.99,02/20/20,29,03/20/20,0.32
1574,0.18,02/20/20,60,04/20/20,0.78
1575,13.64,02/20/20,60,04/20/20,0.53
1576,6.66,02/21/20,10,03/02/20,0.34
1577,0.05,02/22/20,10,03/03/20,0.28
1578,4.37,02/23/20,10,03/04/20,0.08
1579,11.35,02/24/20,29,03/24/20,0.19
1580,7.43,02/25/20,30,03/26/20,0.33
1581,0.95,02/25/20,31,03/27/20,0.44
1582,1.84,02/25/20,29,03/25/20,0.55
1583,7.59,02/26/20,60,04/26/20,0.74
1584,8.89,02/27/20,10,03/08/20,0.61
1585,2.30,02/27/20,30,03/28/20,0.32
1586,4.94,02/28/20,5,03/04/20,0.00
1587,15.68,02/29/20,5,03/05/20,0.00
1588,1.20,02/29/20,360,02/23/21,0.85
1589,16.40,03/01/20,31,04/01/20,0.96
1590,18.29,03/01/20,360,02/24/21,0.69
1591,10.13,03/01/20,90,05/30/20,0.95
1592,9.21,03/01/20,7,03/08/20,0.00
1593,11.93,03/01/20,360,02/24/21,1.36
1594,6.98,03/02/20,180,08/29/20,0.63
1595,0.90,03/03/20,180,08/30/20,0.44
1596,8.83,03/03/20,0,03/03/20,0.00
1597,16.66,03/04/20,28,04/01/20,0.12
1598,17.59,03/05/20,31,04/05/20,0.72
1599,10.68,03/05/20,29,04/03/20,0.54
1600,19.71,03/05/20,1,03/06/20,0.00
1601,5.78,03/05/20,30,04/04/20,0.38
1602,16.36,03/06/20,28,04/03/20,0.12
1603,9.11,03/06/20,7,03/13/20,0.24
1604,16.24,03/06/20,30,04/05/20,1.09
1605,15.97,03/07/20,30,04/06/20,0.76
1606,11.84,03/08/20,360,03/03/21,1.13
1607,13.10,03/08/20,60,05/07/20,0.98
1608,10.45,03/08/20,1,03/09/20,0.00
1609,0.36,03/08/20,31,04/08/20,0.52
1610,15.79,03/09/20,0,03/09/20,0.00
1611,9.23,03/09/20,31,04/09/20,0.37
1612,17.84,03/09/20,180,09/05/20,0.78
1613,17.27,03/10/20,1,03/11/20,0.00
1614,16.59,03/11/20,90,06/09/20,0.83
1615,11.98,03/12/20,2,03/14/20,0.00
1616,11.98,03/12/20,60,05/11/20,1.15
1617,16.36,03/13/20,7,03/20/20,0.00
1618,3.85,03/14/20,31,04/14/20,0.55
1619,17.71,03/14/20,1,03/15/20,0.00
1620,5.06,03/14/20,14,03/28/20,0.00
1621,0.35,03/15/20,29,04/13/20,0.31
1622,0.44,03/16/20,0,03/16/20,0.00
1623,17.76,03/16/20,360,03/11/21,0.59
1624,3.51,03/16/20,5,03/21/20,0.00
1625,4.46,03/17/20,60,05/16/20,0.25
1626,1.96,03/18/20,7,03/25/20,0.18
1627,18.06,03/19/20,60,05/18/20,0.17
1628,5.86,03/20/20,30,04/19/20,0.72
1629,1.20,03/21/20,5,03/26/20,0.00
1630,12.55,03/21/20,31,04/21/20,0.27
1631,11.71,03/22/20,28,04/19/20,0.30
1632,2.03,03/23/20,360,03/18/21,0.52
1633,10.89,03/23/20,60,05/22/20,0.34
1634,10.86,03/24/20,14,04/07/20,0.69
1635,7.78,03/24/20,180,09/20/20,0.70
1636,10.38,03/25/20,180,09/21/20,0.43
1637,2.86,03/25/20,5,03/30/20,0.28
1638,11.01,03/25/20,7,04/01/20,0.21
1639,1.92,03/26/20,30,04/25/20,0.59
1640,13.41,03/26/20,1,03/27/20,0.03
1641,8.43,03/27/20,10,04/06/20,0.32
1642,5.66,03/28/20,10,04/07/20,0.05
1643,16.41,03/28/20,180,09/24/20,0.90
1644,9.68,03/28/20,14,04/11/20,0.48
1645,1.16,03/29/20,28,04/26/20,0.70
1646,17.55,03/30/20,14,04/13/20,0.05
1647,15.28,03/31/20,7,04/07/20,0.00
1648,4.53,03/31/20,1,04/01/20,0.00
1649,6.38,04/01/20,360,03/27/21,0.72
1650,0.35,04/02/20,360,03/28/21,0.55
1651,11.04,04/02/20,28,04/30/20,0.79
1652,17.43,04/02/20,5,04/07/20,0.00
1653,16.31,04/03/20,29,05/02/20,0.36
1654,14.27,04/04/20,31,05/05/20,0.76
1655,10.58,04/04/20,180,10/01/20,1.01
1656,8.30,04/05/20,14,04/19/20,0.78
1657,14.04,04/05/20,360,03/31/21,1.41
1658,11.58,04/05/20,60,06/04/20,0.76
1659,4.39,04/05/20,30,05/05/20,0.27
1660,15.06,04/05/20,1,04/06/20,0.08
1661,9.59,04/06/20,90,07/05/20,0.61
1662,5.88,04/06/20,30,05/06/20,1.10
1663,1.02,04/06/20,30,05/06/20,0.47
1664,18.90,04/06/20,7,04/13/20,0.35
1665,2.40,04/07/20,10,04/17/20,0.58
1666,0.31,04/08/20,7,04/15/20,0.19
1667,16.57,04/08/20,29,05/07/20,0.01
1668,1.89,04/09/20,28,05/07/20,0.00
1669,5.96,04/10/20,31,05/11/20,0.93
1670,1.91,04/11/20,10,04/21/20,0.04
1671,0.51,04/12/20,29,05/11/20,0.33
1672,3.90,04/13/20,90,07/12/20,0.40
1673,15.06,04/13/20,2,04/15/20,0.00
1674,19.21,04/13/20,180,10/10/20,0.43
1675,6.45,04/13/20,7,04/20/20,0.00
1676,0.07,04/14/20,360,04/09/21,0.67
1677,4.70,04/15/20,180,10/12/20,0.84
1678,3.30,04/16/20,90,07/15/20,0.96
1679,15.72,04/17/20,360,04/12/21,1.13
1680,8.39,04/18/20,2,04/20/20,0.00
1681,10.19,04/19/20,90,07/18/20,0.57
1682,7.05,04/19/20,28,05/17/20,0.45
1683,8.41,04/19/20,5,04/24/20,0.48
1684,0.01,04/20/20,180,10/17/20,1.03
1685,8.06,04/21/20,29,05/20/20,0.21
1686,2.94,04/21/20,5,04/26/20,0.13
1687,2.36,04/22/20,1,04/23/20,0.00
1688,11.64,04/23/20,0,04/23/20,0.00
1689,7.17,04/23/20,60,06/22/20,1.16
1690,13.38,04/23/20,29,05/22/20,0.99
1691,2.87,04/23/20,29,05/22/20,0.29
1692,15.21,04/23/20,29,05/22/20,0.62
1693,1.51,04/24/20,2,04/26/20,0.00
1694,15.70,04/24/20,29,05/23/20,0.39
1695,13.27,04/25/20,31,05/26/20,0.83
1696,3.58,04/25/20,5,04/30/20,0.00
1697,3.38,04/26/20,28,05/24/20,0.72
1698,14.24,04/27/20,360,04/22/21,1.24
1699,3.56,04/27/20,180,10/24/20,1.15
1700,0.06,04/27/20,28,05/25/20,0.79
1701,4.08,04/28/20,29,05/27/20,0.75
1702,13.57,04/28/20,360,04/23/21,1.19
1703,18.01,04/29/20,360,04/24/21,0.71
1704,12.90,04/30/20,1,05/01/20,0.00
1705,16.92,04/30/20,2,05/02/20,0.00
1706,9.14,05/01/20,1,05/02/20,0.04
1707,13.80,05/01/20,10,05/11/20,0.00
1708,3.77,05/01/20,1,05/02/20,0.00
1709,9.48,05/02/20,360,04/27/21,1.32
1710,16.31,05/02/20,360,04/27/21,0.80
1711,15.32,05/03/20,1,05/04/20,0.00
1712,4.60,05/03/20,360,04/28/21,0.50
1713,4.66,05/04/20,90,08/02/20,0.36
1714,8.64,05/05/20,360,04/30/21,1.13
1715,2.08,05/05/20,360,04/30/21,0.70
1716,4.13,05/06/20,10,05/16/20,0.31
1717,0.56,05/07/20,30,06/06/20,0.56
1718,7.06,05/08/20,30,06/07/20,0.57
1719,12.54,05/08/20,7,05/15/20,0.50
1720,0.85,05/08/20,60,07/07/20,1.08
1721,2.13,05/09/20,90,08/07/20,0.28
1722,6.67,05/10/20,360,05/05/21,1.42
1723,15.81,05/10/20,31,06/10/20,0.55
1724,12.14,05/10/20,7,05/17/20,0.00
1725,6.48,05/10/20,28,06/07/20,0.24
1726,1.69,05/10/20,0,05/10/20,0.00
1727,17.89,05/11/20,1,05/12/20,0.00
1728,8.07,05/12/20,29,06/10/20,0.93
1729,3.59,05/12/20,10,05/22/20,0.28
1730,2.98,05/12/20,60,07/11/20,0.92
1731,10.73,05/12/20,360,05/07/21,1.18
1732,4.18,05/13/20,28,06/10/20,0.90
1733,1.69,05/14/20,31,06/14/20,0.49
1734,16.06,05/15/20,90,08/13/20,0.38
1735,14.20,05/15/20,2,05/17/20,0.00
1736,11.12,05/16/20,10,05/26/20,0.21
1737,8.32,05/17/20,31,06/17/20,0.92
1738,1.95,05/17/20,2,05/19/20,0.19
1739,9.25,05/17/20,5,05/22/20,0.00
1740,12.80,05/18/20,29,06/16/20,0.58
1741,1.60,05/18/20,30,06/17/20,0.30
1742,10.30,05/18/20,2,05/20/20,0.25
1743,8.32,05/18/20,60,07/17/20,0.79
1744,8.31,05/19/20,7,05/26/20,0.27
1745,12.98,05/20/20,360,05/15/21,1.37
1746,11.39,05/20/20,7,05/27/20,0.00
1747,19.42,05/21/20,31,06/21/20,0.34
1748,0.17,05/21/20,180,11/17/20,1.18
1749,6.30,05/21/20,7,05/28/20,0.40
1750,4.16,05/22/20,360,05/17/21,1.25
1751,6.62,05/23/20,29,06/21/20,0.27
1752,13.43,05/23/20,1,05/24/20,0.00
1753,7.85,05/23/20,28,06/20/20,0.76
1754,19.15,05/24/20,30,06/23/20,0.41
1755,17.41,05/25/20,2,05/27/20,0.00
1756,6.16,05/25/20,29,06/23/20,0.47
1757,17.40,05/25/20,10,06/04/20,0.57
1758,14.47,05/26/20,2,05/28/20,0.23
1759,14.60,05/27/20,1,05/28/20,0.00
1760,8.34,05/27/20,10,06/06/20,0.57
1761,9.69,05/27/20,7,06/03/20,0.00
1762,10.04,05/27/20,360,05/22/21,1.38
1763,0.87,05/28/20,90,08/26/20,1.23
1764,0.92,05/28/20,5,06/02/20,0.00
1765,12.54,05/29/20,1,05/30/20,0.00
1766,11.80,05/29/20,2,05/31/20,0.00
1767,16.02,05/29/20,360,05/24/21,1.30
1768,8.39,05/29/20,7,06/05/20,0.40
1769,8.35,05/29/20,180,11/25/20,1.11
1770,9.80,05/29/20,90,08/27/20,0.42
1771,18.66,05/30/20,31,06/30/20,0.19
1772,5.40,05/31/20,7,06/07/20,0.30
1773,14.39,06/01/20,14,06/15/20,0.33
1774,2.92,06/02/20,5,06/07/20,0.00
1775,15.39,06/03/20,360,05/29/21,0.65
1776,17.55,06/04/20,29,07/03/20,0.37
1777,3.31,06/04/20,7,06/11/20,0.40
1778,16.51,06/04/20,5,06/09/20,0.00
1779,8.14,06/04/20,28,07/02/20,0.04
1780,3.22,06/04/20,7,06/11/20,0.00
1781,7.75,06/05/20,29,07/04/20,0.62
1782,1.33,06/05/20,14,06/19/20,0.51
1783,15.12,06/05/20,180,12/02/20,1.16
1784,18.83,06/06/20,7,06/13/20,0.00
1785,16.33,06/07/20,60,08/06/20,0.18
1786,6.48,06/08/20,2,06/10/20,0.22
1787,15.67,06/08/20,10,06/18/20,0.30
1788,17.84,06/09/20,31,07/10/20,0.84
1789,16.28,06/09/20,14,06/23/20,0.71
1790,12.15,06/10/20,29,07/09/20,0.37
1791,10.83,06/10/20,10,06/20/20,0.00
1792,1.55,06/11/20,14,06/25/20,0.23
1793,9.54,06/12/20,5,06/17/20,0.00
1794,6.50,06/12/20,10,06/22/20,0.14
1795,1.52,06/13/20,28,07/11/20,0.17
1796,14.43,06/13/20,180,12/10/20,0.33
1797,16.40,06/13/20,10,06/23/20,0.34
1798,2.05,06/13/20,30,07/13/20,0.55
1799,14.57,06/14/20,28,07/12/20,0.63
1800,12.08,06/15/20,180,12/12/20,0.50
1801,7.11,06/15/20,180,12/12/20,0.95
1802,2.26,06/15/20,14,06/29/20,0.00
1803,6.76,06/16/20,2,06/18/20,0.00
1804,4.63,06/16/20,360,06/11/21,0.47
1805,18.95,06/17/20,7,06/24/20,0.19
1806,5.90,06/17/20,1,06/18/20,0.00
1807,1.95,06/18/20,29,07/17/20,0.37
1808,3.75,06/19/20,10,06/29/20,0.08
1809,0.03,06/20/20,28,07/18/20,0.68
1810,2.76,06/21/20,180,12/18/20,0.29
1811,4.21,06/21/20,31,07/22/20,0.69
1812,12.88,06/21/20,29,07/20/20,0.20
1813,11.84,06/21/20,180,12/18/20,1.24
1814,3.74,06/21/20,60,08/20/20,0.62
1815,11.87,06/21/20,14,07/05/20,0.18
1816,6.37,06/21/20,2,06/23/20,0.00
1817,8.79,06/22/20,180,12/19/20,0.77
1818,12.64,06/22/20,10,07/02/20,0.38
1819,0.85,06/23/20,2,06/25/20,0.00
1820,2.85,06/23/20,360,06/18/21,1.06
1821,15.42,06/23/20,360,06/18/21,1.43
1822,2.97,06/24/20,31,07/25/20,0.98
1823,12.13,06/24/20,360,06/19/21,0.47
1824,1.25,06/24/20,1,06/25/20,0.00
1825,11.66,06/24/20,7,07/01/20,0.11
1826,15.56,06/25/20,180,12/22/20,0.52
1827,4.28,06/25/20,28,07/23/20,0.55
1828,17.63,06/26/20,28,07/24/20,0.74
1829,14.16,06/26/20,180,12/23/20,0.50
1830,9.12,06/26/20,180,12/23/20,0.95
1831,17.58,06/27/20,28,07/25/20,0.78
1832,5.10,06/28/20,180,12/25/20,0.41
1833,14.46,06/29/20,2,07/01/20,0.15
1834,4.51,06/30/20,180,12/27/20,1.15
1835,13.67,06/30/20,10,07/10/20,0.39
1836,3.86,06/30/20,10,07/10/20,0.00
1837,15.80,07/01/20,1,07/02/20,0.00
1838,18.46,07/02/20,1,07/03/20,0.00
1839,5.85,07/03/20,360,06/28/21,1.14
1840,16.93,07/04/20,180,12/31/20,0.52
1841,6.17,07/05/20,7,07/12/20,0.00
1842,3.14,07/06/20,1,07/07/20,0.00
1843,17.48,07/06/20,90,10/04/20,0.88
1844,14.05,07/07/20,360,07/02/21,1.20
1845,12.18,07/08/20,0,07/08/20,0.00
1846,16.43,07/09/20,90,10/07/20,0.48
1847,0.45,07/10/20,28,08/07/20,0.84
1848,15.33,07/10/20,360,07/05/21,1.00
1849,10.92,07/10/20,90,10/08/20,0.71
1850,18.17,07/11/20,31,08/11/20,1.03
1851,11.30,07/11/20,7,07/18/20,0.17
1852,1.56,07/12/20,360,07/07/21,1.37
1853,7.33,07/13/20,360,07/08/21,0.47
1854,15.70,07/13/20,10,07/23/20,0.65
1855,12.03,07/13/20,5,07/18/20,0.39
1856,3.37,07/14/20,10,07/24/20,0.54
1857,2.89,07/14/20,31,08/14/20,0.33
1858,18.64,07/15/20,5,07/20/20,0.02
1859,11.49,07/16/20,2,07/18/20,0.00
1860,2.59,07/16/20,180,01/12/21,1.22
1861,1.44,07/16/20,0,07/16/20,0.00
1862,17.85,07/17/20,2,07/19/20,0.06
1863,3.01,07/18/20,30,08/17/20,0.61
1864,13.82,07/18/20,14,08/01/20,0.37
1865,14.22,07/19/20,5,07/24/20,0.00
1866,7.65,07/19/20,28,08/16/20,0.35
1867,19.95,07/19/20,30,08/18/20,0.77
1868,2.41,07/19/20,30,08/18/20,0.87
1869,13.07,07/20/20,31,08/20/20,0.97
1870,11.65,07/20/20,29,08/18/20,0.06
1871,8.90,07/21/20,30,08/20/20,0.65
1872,12.19,07/22/20,360,07/17/21,1.12
1873,4.92,07/23/20,60,09/21/20,0.70
1874,3.86,07/24/20,1,07/25/20,0.00
1875,9.95,07/24/20,0,07/24/20,0.00
1876,2.19,07/25/20,31,08/25/20,0.48
1877,10.96,07/26/20,2,07/28/20,0.00
1878,3.18,07/26/20,7,08/02/20,0.00
1879,5.01,07/27/20,29,08/25/20,0.76
1880,16.93,07/27/20,1,07/28/20,0.00
1881,6.66,07/28/20,7,08/04/20,0.50
1882,11.29,07/29/20,360,07/24/21,1.30
1883,7.79,07/29/20,5,08/03/20,0.41
1884,18.20,07/30/20,60,09/28/20,0.38
1885,0.30,07/30/20,2,08/01/20,0.00
1886,3.95,07/31/20,7,08/07/20,0.47
1887,10.09,08/01/20,29,08/30/20,0.23
1888,13.65,08/01/20,7,08/08/20,0.00
1889,12.67,08/02/20,28,08/30/20,0.43
1890,18.65,08/03/20,90,11/01/20,0.75
1891,5.39,08/03/20,29,09/01/20,0.89
1892,0.73,08/04/20,2,08/06/20,0.23
1893,19.82,08/04/20,10,08/14/20,0.07
1894,7.53,08/05/20,60,10/04/20,0.40
1895,17.97,08/05/20,31,09/05/20,1.02
1896,1.28,08/05/20,180,02/01/21,0.91
1897,14.14,08/05/20,1,08/06/20,0.00
1898,9.84,08/05/20,7,08/12/20,0.33
1899,18.33,08/05/20,60,10/04/20,0.63
1900,18.48,08/06/20,0,08/06/20,0.00
1901,8.51,08/07/20,360,08/02/21,0.44
1902,6.54,08/07/20,5,08/12/20,0.00
1903,1.91,08/07/20,360,08/02/21,1.26
1904,2.15,08/07/20,360,08/02/21,0.76
1905,0.67,08/08/20,1,08/09/20,0.00
1906,12.33,08/09/20,7,08/16/20,0.00
1907,6.24,08/09/20,60,10/08/20,0.29
1908,2.45,08/10/20,0,08/10/20,0.00
1909,2.71,08/11/20,29,09/09/20,0.25
1910,15.87,08/11/20,60,10/10/20,0.53
1911,19.50,08/12/20,7,08/19/20,0.00
1912,9.43,08/13/20,1,08/14/20,0.00
1913,18.43,08/13/20,7,08/20/20,0.06
1914,13.60,08/13/20,60,10/12/20,0.48
1915,3.73,08/13/20,90,11/11/20,0.43
1916,18.12,08/13/20,14,08/27/20,0.19
1917,5.62,08/14/20,1,08/15/20,0.00
1918,4.23,08/14/20,31,09/14/20,0.64
1919,17.78,08/14/20,60,10/13/20,1.17
1920,14.67,08/14/20,360,08/09/21,1.41
1921,5.42,08/14/20,360,08/09/21,0.84
1922,6.84,08/14/20,28,09/11/20,0.77
1923,12.83,08/14/20,360,08/09/21,1.25
1924,2.75,08/15/20,360,08/10/21,0.86
1925,0.32,08/15/20,2,08/17/20,0.00
1926,16.12,08/16/20,360,08/11/21,0.55
1927,16.55,08/17/20,5,08/22/20,0.00
1928,10.75,08/18/20,5,08/23/20,0.00
1929,1.19,08/19/20,2,08/21/20,0.00
1930,9.59,08/20/20,90,11/18/20,0.35
1931,0.98,08/20/20,180,02/16/21,0.63
1932,10.01,08/20/20,29,09/18/20,0.42
1933,18.42,08/21/20,29,09/19/20,0.74
1934,19.83,08/22/20,31,09/22/20,0.94
1935,16.13,08/23/20,360,08/18/21,0.96
1936,5.03,08/24/20,60,10/23/20,0.28
1937,11.75,08/24/20,60,10/23/20,0.41
1938,9.55,08/24/20,2,08/26/20,0.27
1939,8.04,08/25/20,180,02/21/21,0.33
1940,1.25,08/25/20,31,09/25/20,0.75
1941,2.04,08/26/20,0,08/26/20,0.00
1942,18.64,08/27/20,5,09/01/20,0.00
1943,2.45,08/27/20,180,02/23/21,0.97
1944,0.71,08/27/20,30,09/26/20,0.78
1945,8.09,08/28/20,14,09/11/20,0.39
1946,16.60,08/29/20,7,09/05/20,0.00
1947,17.53,08/30/20,31,09/30/20,0.32
1948,16.16,08/30/20,10,09/09/20,0.49
1949,18.98,08/31/20,1,09/01/20,0.06
1950,16.25,09/01/20,29,09/30/20,0.88
1951,6.69,09/02/20,10,09/12/20,0.22
1952,0.05,09/03/20,360,08/29/21,0.96
1953,19.34,09/04/20,29,10/03/20,0.89
1954,14.06,09/04/20,28,10/02/20,0.88
1955,1.39,09/04/20,7,09/11/20,0.00
1956,2.44,09/04/20,30,10/04/20,0.44
1957,5.86,09/05/20,14,09/19/20,0.56
1958,8.92,09/05/20,7,09/12/20,0.37
1959,2.90,09/05/20,10,09/15/20,0.34
1960,6.88,09/05/20,180,03/04/21,1.02
1961,2.17,09/06/20,10,09/16/20,0.65
1962,8.75,09/07/20,31,10/08/20,0.84
1963,8.11,09/07/20,10,09/17/20,0.63
1964,1.06,09/08/20,90,12/07/20,0.99
1965,19.04,09/08/20,90,12/07/20,0.66
1966,19.46,09/09/20,29,10/08/20,0.10
1967,10.70,09/09/20,10,09/19/20,0.41
1968,10.72,09/09/20,7,09/16/20,0.18
1969,5.48,09/09/20,360,09/04/21,0.50
1970,11.74,09/09/20,90,12/08/20,0.83
1971,9.06,09/09/20,29,10/08/20,0.02
1972,4.07,09/09/20,7,09/16/20,0.00
1973,0.20,09/09/20,29,10/08/20,0.57
1974,5.26,09/10/20,31,10/11/20,0.63
1975,13.98,09/11/20,10,09/21/20,0.19
1976,10.15,09/11/20,60,11/10/20,0.96
1977,0.80,09/11/20,14,09/25/20,0.18
1978,15.51,09/11/20,2,09/13/20,0.00
1979,15.95,09/11/20,29,10/10/20,0.30
1980,9.85,09/12/20,1,09/13/20,0.00
1981,13.89,09/12/20,14,09/26/20,0.11
1982,2.09,09/12/20,5,09/17/20,0.11
1983,5.74,09/13/20,1,09/14/20,0.00
1984,12.82,09/14/20,30,10/14/20,0.95
1985,13.95,09/14/20,60,11/13/20,1.16
1986,0.10,09/14/20,31,10/15/20,0.55
1987,11.92,09/14/20,180,03/13/21,0.52
1988,0.81,09/15/20,14,09/29/20,0.21
1989,3.41,09/16/20,180,03/15/21,1.18
1990,16.72,09/17/20,360,09/12/21,1.04
1991,2.21,09/18/20,5,09/23/20,0.20
1992,11.82,09/19/20,60,11/18/20,0.97
1993,14.25,09/19/20,5,09/24/20,0.00
1994,17.19,09/19/20,360,09/14/21,1.38
1995,0.03,09/20/20,2,09/22/20,0.00
1996,17.55,09/21/20,10,10/01/20,0.15
1997,2.78,09/21/20,7,09/28/20,0.00
1998,18.03,09/21/20,5,09/26/20,0.00
1999,14.00,09/22/20,90,12/21/20,0.45
2000,19.40,09/22/20,1,09/23/20,0.00
