Client_ID,Loan_Amt,Start_Date,Duration_Day,Maturity_Date,Pricing
1,82.55,01/01/18,5,01/06/18,1.27
2,43.00,01/02/18,29,01/31/18,1.58
3,14.34,01/02/18,90,04/02/18,2.21
4,41.20,01/03/18,30,02/02/18,1.29
5,65.11,01/03/18,5,01/08/18,1.20
6,63.81,01/04/18,2,01/06/18,1.51
7,92.40,01/05/18,2,01/07/18,1.08
8,28.23,01/06/18,14,01/20/18,1.63
9,36.86,01/07/18,14,01/21/18,1.35
10,69.40,01/07/18,1,01/08/18,0.53
11,5.73,01/08/18,360,01/03/19,2.22
12,60.43,01/08/18,180,07/07/18,1.99
13,11.31,01/08/18,0,01/08/18,0.60
14,26.41,01/09/18,10,01/19/18,1.67
15,81.33,01/10/18,5,01/15/18,1.34
16,95.85,01/10/18,29,02/08/18,1.24
17,42.98,01/11/18,60,03/12/18,1.50
18,84.62,01/11/18,10,01/21/18,1.54
19,66.20,01/11/18,5,01/16/18,1.18
20,51.35,01/11/18,31,02/11/18,1.56
21,58.85,01/11/18,31,02/11/18,1.84
22,97.30,01/11/18,360,01/06/19,2.13
23,8.63,01/12/18,2,01/14/18,0.85
24,9.86,01/12/18,60,03/13/18,1.73
25,49.32,01/13/18,60,03/14/18,1.23
26,31.83,01/14/18,7,01/21/18,1.01
27,10.46,01/15/18,31,02/15/18,1.73
28,86.55,01/15/18,360,01/10/19,1.67
29,11.01,01/16/18,2,01/18/18,1.05
30,95.89,01/17/18,5,01/22/18,1.26
31,24.00,01/18/18,90,04/18/18,2.07
32,84.72,01/18/18,30,02/17/18,1.76
33,39.43,01/19/18,180,07/18/18,1.69
34,5.37,01/19/18,360,01/14/19,1.87
35,92.32,01/19/18,31,02/19/18,1.94
36,34.24,01/20/18,5,01/25/18,0.74
37,84.13,01/20/18,360,01/15/19,1.71
38,38.94,01/20/18,10,01/30/18,1.42
39,54.75,01/20/18,31,02/20/18,1.88
40,68.37,01/21/18,5,01/26/18,0.98
41,8.84,01/21/18,1,01/22/18,0.62
42,71.92,01/21/18,5,01/26/18,0.77
43,20.70,01/21/18,360,01/16/19,1.64
44,56.01,01/21/18,60,03/22/18,1.44
45,22.93,01/22/18,2,01/24/18,1.37
46,40.95,01/23/18,0,01/23/18,1.39
47,22.09,01/23/18,10,02/02/18,1.37
48,89.99,01/23/18,90,04/23/18,1.66
49,86.68,01/23/18,10,02/02/18,1.29
50,4.89,01/23/18,30,02/22/18,1.14
51,52.32,01/24/18,360,01/19/19,1.86
52,33.67,01/24/18,31,02/24/18,0.98
53,92.56,01/24/18,1,01/25/18,1.27
54,22.13,01/25/18,10,02/04/18,1.02
55,75.74,01/26/18,0,01/26/18,0.95
56,52.19,01/27/18,2,01/29/18,0.92
57,70.89,01/27/18,28,02/24/18,1.70
58,80.47,01/28/18,29,02/26/18,1.21
59,13.12,01/28/18,28,02/25/18,1.04
60,5.67,01/29/18,28,02/26/18,1.71
61,37.67,01/29/18,1,01/30/18,0.44
62,88.04,01/29/18,30,02/28/18,1.36
63,60.84,01/30/18,180,07/29/18,1.94
64,38.73,01/31/18,5,02/05/18,1.41
65,24.86,02/01/18,1,02/02/18,0.45
66,78.85,02/01/18,360,01/27/19,2.00
67,47.86,02/02/18,360,01/28/19,1.97
68,63.10,02/03/18,29,03/04/18,1.21
69,82.67,02/03/18,7,02/10/18,0.61
70,24.28,02/04/18,31,03/07/18,1.58
71,46.34,02/04/18,28,03/04/18,1.21
72,75.66,02/04/18,31,03/07/18,1.49
73,12.57,02/05/18,31,03/08/18,1.02
74,66.05,02/05/18,5,02/10/18,0.66
75,47.68,02/05/18,10,02/15/18,1.04
76,48.82,02/05/18,0,02/05/18,0.76
77,25.14,02/05/18,28,03/05/18,1.76
78,96.04,02/05/18,5,02/10/18,1.49
79,16.09,02/06/18,2,02/08/18,0.64
80,93.99,02/07/18,30,03/09/18,1.40
81,48.54,02/07/18,14,02/21/18,0.92
82,88.01,02/08/18,28,03/08/18,1.09
83,79.94,02/08/18,14,02/22/18,1.09
84,96.40,02/09/18,10,02/19/18,1.26
85,94.20,02/10/18,30,03/12/18,1.66
86,39.84,02/11/18,90,05/12/18,1.39
87,33.56,02/11/18,90,05/12/18,1.74
88,47.37,02/12/18,180,08/11/18,1.67
89,6.34,02/12/18,28,03/12/18,1.25
90,66.42,02/12/18,7,02/19/18,1.20
91,23.39,02/13/18,10,02/23/18,1.68
92,66.18,02/13/18,14,02/27/18,1.55
93,18.84,02/13/18,10,02/23/18,1.12
94,35.13,02/13/18,5,02/18/18,0.81
95,48.79,02/14/18,180,08/13/18,1.98
96,20.94,02/15/18,14,03/01/18,1.76
97,24.48,02/15/18,360,02/10/19,2.17
98,31.63,02/16/18,180,08/15/18,2.07
99,16.26,02/17/18,31,03/20/18,1.57
100,93.41,02/17/18,360,02/12/19,1.85
101,39.99,02/17/18,5,02/22/18,1.22
102,83.61,02/17/18,7,02/24/18,1.01
103,96.14,02/17/18,60,04/18/18,1.64
104,56.33,02/17/18,60,04/18/18,1.17
105,75.07,02/17/18,28,03/17/18,1.11
106,16.62,02/17/18,28,03/17/18,1.69
107,5.13,02/17/18,28,03/17/18,1.03
108,57.70,02/18/18,30,03/20/18,0.95
109,47.99,02/18/18,10,02/28/18,1.65
110,36.66,02/19/18,180,08/18/18,1.58
111,97.84,02/20/18,31,03/23/18,1.94
112,51.45,02/20/18,10,03/02/18,1.45
113,48.14,02/21/18,7,02/28/18,0.99
114,29.63,02/21/18,14,03/07/18,1.56
115,17.69,02/22/18,29,03/23/18,1.21
116,70.73,02/23/18,28,03/23/18,1.49
117,5.70,02/23/18,360,02/18/19,1.90
118,47.30,02/24/18,2,02/26/18,0.90
119,31.63,02/25/18,180,08/24/18,1.64
120,46.77,02/26/18,14,03/12/18,1.64
121,26.00,02/26/18,0,02/26/18,1.06
122,74.80,02/27/18,360,02/22/19,2.33
123,83.80,02/28/18,28,03/28/18,1.15
124,62.54,03/01/18,60,04/30/18,1.96
125,91.07,03/01/18,180,08/28/18,1.39
126,52.53,03/02/18,10,03/12/18,1.15
127,86.93,03/02/18,180,08/29/18,1.71
128,64.84,03/03/18,5,03/08/18,1.34
129,46.31,03/04/18,5,03/09/18,1.30
130,44.96,03/04/18,180,08/31/18,1.46
131,50.28,03/05/18,14,03/19/18,1.49
132,80.07,03/05/18,180,09/01/18,1.81
133,32.06,03/06/18,10,03/16/18,1.67
134,75.57,03/07/18,7,03/14/18,0.81
135,33.58,03/07/18,1,03/08/18,1.00
136,3.46,03/07/18,360,03/02/19,2.21
137,57.85,03/07/18,360,03/02/19,2.07
138,75.76,03/07/18,2,03/09/18,0.84
139,75.91,03/08/18,7,03/15/18,0.76
140,33.92,03/09/18,28,04/06/18,1.22
141,61.59,03/10/18,90,06/08/18,1.81
142,44.85,03/10/18,1,03/11/18,1.37
143,15.71,03/10/18,60,05/09/18,1.17
144,93.86,03/10/18,60,05/09/18,1.39
145,70.30,03/10/18,180,09/06/18,1.69
146,90.42,03/11/18,28,04/08/18,1.44
147,75.03,03/11/18,29,04/09/18,1.73
148,93.04,03/11/18,7,03/18/18,1.54
149,70.47,03/12/18,7,03/19/18,0.75
150,77.93,03/12/18,60,05/11/18,1.33
151,62.20,03/13/18,14,03/27/18,1.48
152,49.51,03/14/18,14,03/28/18,1.60
153,45.78,03/14/18,31,04/14/18,1.87
154,91.96,03/14/18,2,03/16/18,1.38
155,39.93,03/14/18,60,05/13/18,1.20
156,63.10,03/15/18,90,06/13/18,2.17
157,16.53,03/15/18,180,09/11/18,1.68
158,38.50,03/16/18,60,05/15/18,1.71
159,20.19,03/17/18,7,03/24/18,1.07
160,65.23,03/18/18,180,09/14/18,2.31
161,40.46,03/18/18,5,03/23/18,0.60
162,5.63,03/19/18,29,04/17/18,1.46
163,30.01,03/19/18,30,04/18/18,0.96
164,26.12,03/19/18,7,03/26/18,1.50
165,50.34,03/20/18,90,06/18/18,1.33
166,1.42,03/21/18,360,03/16/19,2.47
167,14.61,03/22/18,28,04/19/18,0.90
168,92.35,03/22/18,360,03/17/19,2.43
169,22.93,03/23/18,5,03/28/18,0.61
170,23.98,03/23/18,90,06/21/18,2.08
171,8.31,03/23/18,31,04/23/18,1.63
172,13.58,03/23/18,180,09/19/18,2.29
173,89.27,03/24/18,180,09/20/18,1.53
174,38.50,03/25/18,90,06/23/18,1.35
175,83.26,03/26/18,30,04/25/18,1.47
176,50.36,03/27/18,29,04/25/18,1.23
177,84.55,03/28/18,90,06/26/18,1.41
178,33.63,03/29/18,31,04/29/18,1.77
179,95.93,03/30/18,90,06/28/18,2.21
180,63.17,03/30/18,28,04/27/18,0.94
181,97.67,03/30/18,30,04/29/18,1.11
182,66.58,03/30/18,2,04/01/18,1.52
183,44.97,03/30/18,31,04/30/18,1.48
184,16.12,03/30/18,14,04/13/18,1.39
185,13.03,03/30/18,2,04/01/18,0.71
186,76.06,03/30/18,90,06/28/18,2.19
187,49.28,03/31/18,14,04/14/18,1.23
188,81.89,03/31/18,30,04/30/18,0.94
189,13.37,03/31/18,180,09/27/18,1.84
190,53.42,03/31/18,1,04/01/18,1.08
191,37.78,04/01/18,28,04/29/18,1.32
192,49.73,04/01/18,28,04/29/18,1.06
193,82.21,04/02/18,1,04/03/18,0.80
194,72.22,04/02/18,180,09/29/18,2.24
195,13.75,04/02/18,30,05/02/18,1.81
196,57.02,04/02/18,2,04/04/18,0.83
197,31.60,04/02/18,14,04/16/18,0.83
198,73.96,04/03/18,90,07/02/18,1.92
199,17.75,04/04/18,30,05/04/18,1.56
200,8.37,04/04/18,90,07/03/18,2.14
201,66.00,04/05/18,29,05/04/18,1.03
202,92.71,04/06/18,10,04/16/18,0.96
203,76.48,04/07/18,31,05/08/18,1.74
204,42.04,04/07/18,28,05/05/18,1.17
205,53.57,04/07/18,60,06/06/18,1.50
206,56.86,04/07/18,29,05/06/18,1.38
207,50.04,04/08/18,1,04/09/18,0.82
208,17.45,04/08/18,0,04/08/18,1.36
209,82.07,04/08/18,180,10/05/18,1.85
210,81.80,04/08/18,1,04/09/18,0.84
211,8.70,04/08/18,5,04/13/18,1.50
212,95.40,04/08/18,31,05/09/18,1.26
213,64.74,04/08/18,30,05/08/18,1.82
214,1.68,04/09/18,60,06/08/18,1.67
215,73.78,04/09/18,360,04/04/19,2.39
216,49.99,04/10/18,28,05/08/18,1.63
217,99.05,04/11/18,28,05/09/18,1.09
218,76.35,04/11/18,7,04/18/18,0.72
219,27.42,04/11/18,29,05/10/18,0.86
220,14.29,04/12/18,28,05/10/18,1.29
221,41.07,04/13/18,30,05/13/18,1.58
222,91.89,04/13/18,10,04/23/18,1.05
223,54.79,04/13/18,28,05/11/18,0.82
224,75.12,04/14/18,5,04/19/18,1.09
225,19.42,04/15/18,2,04/17/18,1.37
226,96.28,04/15/18,90,07/14/18,1.63
227,53.08,04/16/18,1,04/17/18,0.42
228,97.50,04/16/18,30,05/16/18,1.43
229,18.16,04/17/18,360,04/12/19,1.91
230,35.35,04/18/18,2,04/20/18,1.14
231,50.03,04/18/18,7,04/25/18,0.73
232,57.41,04/19/18,360,04/14/19,2.41
233,75.07,04/20/18,28,05/18/18,1.61
234,3.93,04/21/18,5,04/26/18,1.00
235,78.56,04/22/18,28,05/20/18,1.01
236,44.90,04/22/18,1,04/23/18,0.60
237,3.48,04/22/18,10,05/02/18,1.37
238,46.41,04/22/18,90,07/21/18,1.27
239,58.89,04/22/18,29,05/21/18,1.36
240,29.88,04/22/18,1,04/23/18,1.41
241,54.56,04/23/18,0,04/23/18,0.97
242,96.44,04/24/18,1,04/25/18,0.59
243,20.98,04/24/18,14,05/08/18,1.11
244,2.96,04/24/18,29,05/23/18,1.21
245,44.62,04/24/18,30,05/24/18,0.95
246,60.54,04/24/18,5,04/29/18,0.80
247,16.01,04/24/18,5,04/29/18,1.35
248,1.52,04/25/18,7,05/02/18,0.78
249,81.10,04/25/18,28,05/23/18,1.66
250,84.60,04/26/18,1,04/27/18,1.14
251,10.30,04/26/18,14,05/10/18,1.38
252,8.32,04/26/18,5,05/01/18,0.71
253,79.22,04/26/18,29,05/25/18,0.97
254,4.90,04/26/18,60,06/25/18,1.86
255,9.04,04/26/18,180,10/23/18,2.18
256,58.81,04/27/18,29,05/26/18,1.80
257,11.99,04/27/18,180,10/24/18,1.91
258,10.69,04/27/18,360,04/22/19,2.35
259,68.28,04/27/18,10,05/07/18,1.36
260,19.53,04/28/18,180,10/25/18,1.60
261,62.47,04/29/18,5,05/04/18,1.28
262,59.84,04/30/18,10,05/10/18,1.04
263,30.64,05/01/18,10,05/11/18,0.84
264,99.01,05/01/18,360,04/26/19,1.77
265,63.75,05/01/18,90,07/30/18,1.58
266,31.09,05/02/18,360,04/27/19,1.80
267,91.57,05/02/18,30,06/01/18,1.75
268,92.54,05/03/18,180,10/30/18,1.84
269,57.06,05/04/18,360,04/29/19,1.83
270,8.12,05/04/18,28,06/01/18,1.80
271,46.35,05/04/18,60,07/03/18,1.22
272,3.64,05/04/18,30,06/03/18,1.74
273,12.10,05/05/18,31,06/05/18,1.15
274,13.01,05/05/18,29,06/03/18,1.19
275,23.82,05/05/18,180,11/01/18,1.96
276,8.92,05/05/18,2,05/07/18,1.01
277,9.70,05/05/18,60,07/04/18,1.29
278,87.31,05/05/18,0,05/05/18,1.08
279,30.19,05/06/18,180,11/02/18,1.46
280,49.42,05/07/18,31,06/07/18,1.46
281,16.63,05/08/18,10,05/18/18,1.03
282,18.96,05/09/18,1,05/10/18,1.02
283,98.07,05/09/18,10,05/19/18,1.00
284,18.71,05/10/18,180,11/06/18,1.77
285,47.16,05/11/18,90,08/09/18,1.70
286,34.09,05/12/18,60,07/11/18,1.42
287,36.13,05/13/18,180,11/09/18,1.53
288,0.73,05/13/18,360,05/08/19,2.22
289,80.53,05/14/18,30,06/13/18,1.48
290,15.45,05/14/18,28,06/11/18,1.75
291,68.28,05/15/18,29,06/13/18,1.01
292,59.83,05/15/18,30,06/14/18,1.41
293,32.19,05/16/18,30,06/15/18,1.75
294,31.62,05/16/18,30,06/15/18,1.01
295,60.85,05/17/18,5,05/22/18,0.88
296,63.73,05/17/18,28,06/14/18,1.24
297,62.67,05/18/18,14,06/01/18,1.64
298,23.77,05/19/18,30,06/18/18,0.89
299,75.67,05/19/18,5,05/24/18,1.33
300,77.19,05/19/18,7,05/26/18,1.54
301,36.27,05/19/18,2,05/21/18,1.22
302,11.62,05/19/18,2,05/21/18,1.48
303,18.88,05/19/18,29,06/17/18,1.60
304,19.63,05/20/18,5,05/25/18,1.10
305,74.52,05/21/18,90,08/19/18,1.55
306,37.20,05/21/18,30,06/20/18,0.90
307,24.02,05/21/18,2,05/23/18,1.02
308,72.66,05/21/18,7,05/28/18,1.09
309,27.90,05/22/18,5,05/27/18,0.61
310,2.77,05/22/18,90,08/20/18,1.33
311,29.33,05/23/18,10,06/02/18,1.76
312,67.18,05/24/18,180,11/20/18,2.22
313,78.69,05/25/18,90,08/23/18,1.93
314,75.53,05/26/18,31,06/26/18,1.78
315,16.93,05/26/18,90,08/24/18,1.51
316,9.87,05/26/18,14,06/09/18,1.24
317,72.21,05/26/18,14,06/09/18,1.04
318,10.74,05/26/18,31,06/26/18,1.93
319,40.54,05/26/18,360,05/21/19,1.75
320,76.39,05/27/18,30,06/26/18,1.12
321,67.30,05/28/18,360,05/23/19,2.00
322,28.95,05/29/18,14,06/12/18,0.96
323,12.17,05/30/18,360,05/25/19,2.26
324,99.70,05/30/18,180,11/26/18,1.60
325,19.74,05/30/18,29,06/28/18,1.45
326,64.75,05/30/18,60,07/29/18,1.86
327,84.72,05/31/18,28,06/28/18,0.89
328,77.09,05/31/18,0,05/31/18,1.34
329,9.08,05/31/18,31,07/01/18,1.48
330,74.77,05/31/18,180,11/27/18,2.00
331,75.87,06/01/18,1,06/02/18,1.11
332,11.66,06/02/18,29,07/01/18,1.49
333,40.74,06/02/18,28,06/30/18,1.04
334,97.21,06/02/18,14,06/16/18,0.86
335,93.70,06/03/18,90,09/01/18,1.32
336,16.72,06/04/18,30,07/04/18,0.91
337,64.99,06/04/18,14,06/18/18,1.34
338,38.34,06/04/18,14,06/18/18,1.18
339,61.55,06/04/18,14,06/18/18,1.65
340,83.03,06/05/18,2,06/07/18,1.02
341,74.46,06/05/18,90,09/03/18,1.45
342,61.53,06/05/18,1,06/06/18,0.64
343,80.38,06/05/18,28,07/03/18,1.80
344,8.45,06/05/18,360,05/31/19,2.41
345,99.68,06/05/18,0,06/05/18,0.44
346,36.48,06/06/18,29,07/05/18,1.49
347,72.58,06/06/18,5,06/11/18,1.52
348,53.55,06/06/18,28,07/04/18,1.31
349,0.77,06/07/18,360,06/02/19,2.55
350,86.24,06/07/18,360,06/02/19,1.76
351,98.02,06/08/18,7,06/15/18,1.29
352,24.17,06/09/18,5,06/14/18,1.50
353,41.71,06/09/18,2,06/11/18,0.59
354,36.47,06/10/18,29,07/09/18,1.20
355,39.39,06/11/18,360,06/06/19,2.32
356,48.07,06/11/18,5,06/16/18,0.73
357,82.78,06/11/18,14,06/25/18,1.01
358,83.96,06/12/18,14,06/26/18,1.57
359,88.17,06/12/18,360,06/07/19,2.45
360,61.31,06/12/18,31,07/13/18,1.76
361,38.51,06/13/18,28,07/11/18,1.46
362,85.29,06/13/18,30,07/13/18,1.14
363,17.34,06/13/18,2,06/15/18,0.58
364,13.65,06/13/18,7,06/20/18,1.39
365,90.62,06/14/18,30,07/14/18,1.08
366,82.36,06/15/18,0,06/15/18,0.75
367,53.32,06/15/18,29,07/14/18,0.92
368,2.40,06/15/18,31,07/16/18,1.01
369,42.39,06/16/18,10,06/26/18,0.80
370,99.84,06/17/18,14,07/01/18,0.85
371,95.02,06/17/18,28,07/15/18,0.81
372,92.18,06/17/18,2,06/19/18,0.60
373,87.83,06/18/18,2,06/20/18,1.24
374,41.41,06/19/18,5,06/24/18,0.89
375,41.28,06/20/18,7,06/27/18,1.04
376,64.80,06/20/18,180,12/17/18,1.65
377,51.55,06/20/18,5,06/25/18,1.22
378,51.06,06/21/18,29,07/20/18,1.57
379,59.01,06/22/18,180,12/19/18,2.08
380,90.51,06/22/18,60,08/21/18,1.96
381,27.30,06/22/18,7,06/29/18,1.58
382,99.39,06/22/18,14,07/06/18,0.82
383,92.76,06/23/18,1,06/24/18,1.08
384,77.17,06/24/18,90,09/22/18,1.98
385,36.74,06/25/18,10,07/05/18,0.82
386,82.46,06/26/18,29,07/25/18,1.45
387,89.35,06/27/18,1,06/28/18,0.81
388,47.66,06/27/18,60,08/26/18,1.94
389,14.96,06/27/18,28,07/25/18,1.03
390,11.79,06/27/18,10,07/07/18,1.30
391,22.77,06/28/18,5,07/03/18,1.26
392,74.28,06/29/18,5,07/04/18,0.61
393,84.84,06/30/18,28,07/28/18,1.45
394,15.77,06/30/18,180,12/27/18,1.93
395,71.89,06/30/18,360,06/25/19,2.33
396,87.98,06/30/18,360,06/25/19,2.43
397,54.22,07/01/18,1,07/02/18,0.53
398,92.05,07/02/18,28,07/30/18,1.32
399,26.49,07/02/18,5,07/07/18,0.74
400,94.83,07/03/18,1,07/04/18,1.27
401,39.92,07/04/18,0,07/04/18,0.95
402,69.26,07/04/18,14,07/18/18,1.60
403,91.39,07/05/18,1,07/06/18,1.22
404,65.41,07/06/18,360,07/01/19,1.76
405,37.75,07/06/18,2,07/08/18,1.51
406,65.81,07/06/18,0,07/06/18,0.55
407,27.29,07/07/18,60,09/05/18,1.71
408,19.03,07/07/18,360,07/02/19,2.16
409,85.34,07/07/18,60,09/05/18,1.94
410,51.16,07/07/18,10,07/17/18,1.43
411,44.98,07/08/18,28,08/05/18,1.08
412,1.80,07/09/18,90,10/07/18,1.59
413,38.51,07/10/18,1,07/11/18,0.89
414,6.20,07/10/18,28,08/07/18,0.83
415,65.46,07/11/18,7,07/18/18,0.89
416,58.34,07/11/18,360,07/06/19,2.06
417,33.57,07/11/18,0,07/11/18,0.60
418,65.35,07/12/18,360,07/07/19,1.81
419,36.69,07/12/18,10,07/22/18,1.42
420,37.21,07/12/18,31,08/12/18,1.05
421,58.71,07/12/18,2,07/14/18,0.79
422,46.59,07/13/18,0,07/13/18,0.41
423,61.03,07/13/18,0,07/13/18,1.11
424,50.53,07/14/18,31,08/14/18,1.93
425,3.44,07/14/18,60,09/12/18,2.11
426,92.94,07/15/18,0,07/15/18,1.13
427,14.74,07/15/18,31,08/15/18,1.93
428,5.38,07/16/18,2,07/18/18,1.48
429,75.17,07/17/18,2,07/19/18,1.03
430,28.98,07/17/18,90,10/15/18,1.39
431,68.58,07/18/18,28,08/15/18,1.69
432,53.92,07/19/18,60,09/17/18,1.65
433,88.20,07/19/18,180,01/15/19,2.01
434,56.97,07/19/18,90,10/17/18,1.67
435,87.51,07/20/18,10,07/30/18,1.54
436,28.06,07/21/18,90,10/19/18,1.61
437,5.46,07/21/18,0,07/21/18,0.75
438,51.81,07/22/18,360,07/17/19,2.47
439,5.02,07/23/18,360,07/18/19,1.64
440,76.95,07/23/18,180,01/19/19,1.50
441,90.70,07/23/18,360,07/18/19,2.30
442,75.59,07/23/18,10,08/02/18,0.99
443,65.28,07/23/18,30,08/22/18,1.83
444,91.05,07/23/18,29,08/21/18,1.78
445,17.70,07/23/18,7,07/30/18,0.96
446,45.00,07/23/18,0,07/23/18,1.30
447,20.60,07/24/18,5,07/29/18,1.55
448,22.21,07/24/18,5,07/29/18,1.24
449,69.65,07/24/18,0,07/24/18,0.64
450,21.72,07/25/18,180,01/21/19,2.06
451,39.00,07/26/18,1,07/27/18,1.30
452,5.41,07/27/18,2,07/29/18,0.60
453,39.62,07/27/18,28,08/24/18,1.73
454,99.56,07/27/18,14,08/10/18,1.68
455,59.63,07/27/18,28,08/24/18,1.44
456,5.71,07/28/18,90,10/26/18,1.42
457,57.66,07/28/18,10,08/07/18,0.82
458,23.53,07/29/18,1,07/30/18,0.64
459,63.00,07/29/18,5,08/03/18,0.66
460,34.80,07/29/18,0,07/29/18,0.83
461,23.22,07/30/18,28,08/27/18,1.09
462,91.87,07/31/18,7,08/07/18,0.79
463,67.41,07/31/18,2,08/02/18,0.58
464,24.34,08/01/18,30,08/31/18,1.56
465,53.35,08/02/18,90,10/31/18,1.97
466,18.86,08/03/18,30,09/02/18,1.42
467,7.81,08/03/18,2,08/05/18,1.13
468,78.80,08/03/18,28,08/31/18,1.70
469,50.07,08/03/18,90,11/01/18,2.11
470,55.94,08/04/18,5,08/09/18,0.82
471,72.84,08/05/18,28,09/02/18,1.44
472,73.58,08/06/18,60,10/05/18,1.30
473,96.81,08/06/18,90,11/04/18,1.69
474,30.70,08/06/18,360,08/01/19,1.91
475,62.65,08/07/18,14,08/21/18,0.81
476,75.00,08/08/18,31,09/08/18,1.79
477,4.25,08/09/18,1,08/10/18,0.64
478,87.88,08/10/18,180,02/06/19,1.79
479,69.82,08/11/18,14,08/25/18,1.39
480,73.27,08/12/18,29,09/10/18,1.80
481,38.85,08/12/18,180,02/08/19,1.70
482,56.24,08/13/18,360,08/08/19,2.42
483,66.16,08/13/18,7,08/20/18,1.13
484,54.72,08/13/18,29,09/11/18,1.75
485,39.21,08/14/18,360,08/09/19,2.20
486,24.87,08/15/18,180,02/11/19,1.84
487,52.70,08/15/18,7,08/22/18,0.63
488,2.99,08/16/18,10,08/26/18,1.00
489,21.55,08/16/18,60,10/15/18,2.04
490,61.75,08/16/18,60,10/15/18,1.91
491,82.68,08/16/18,60,10/15/18,1.71
492,53.87,08/16/18,5,08/21/18,1.07
493,11.69,08/16/18,60,10/15/18,1.13
494,45.21,08/17/18,60,10/16/18,1.30
495,85.39,08/17/18,10,08/27/18,1.75
496,15.84,08/17/18,30,09/16/18,1.10
497,10.33,08/18/18,14,09/01/18,0.86
498,40.06,08/18/18,360,08/13/19,1.65
499,18.19,08/18/18,29,09/16/18,1.65
500,20.60,08/18/18,5,08/23/18,0.81
501,48.34,08/18/18,31,09/18/18,1.23
502,33.60,08/18/18,7,08/25/18,0.80
503,64.90,08/18/18,5,08/23/18,1.21
504,77.08,08/18/18,0,08/18/18,1.36
505,55.15,08/18/18,1,08/19/18,0.74
506,36.08,08/18/18,180,02/14/19,1.67
507,5.02,08/19/18,2,08/21/18,0.54
508,10.82,08/20/18,2,08/22/18,1.40
509,77.08,08/20/18,10,08/30/18,1.59
510,44.30,08/20/18,29,09/18/18,1.01
511,47.28,08/21/18,0,08/21/18,1.05
512,20.45,08/22/18,31,09/22/18,1.31
513,15.60,08/22/18,2,08/24/18,0.85
514,37.73,08/23/18,10,09/02/18,1.34
515,83.65,08/23/18,2,08/25/18,1.40
516,10.29,08/23/18,2,08/25/18,0.80
517,22.34,08/23/18,2,08/25/18,0.81
518,67.55,08/23/18,31,09/23/18,1.52
519,97.74,08/23/18,180,02/19/19,1.70
520,38.96,08/24/18,28,09/21/18,1.19
521,68.13,08/25/18,360,08/20/19,2.30
522,55.53,08/25/18,30,09/24/18,1.11
523,17.50,08/25/18,360,08/20/19,2.37
524,75.85,08/25/18,28,09/22/18,1.05
525,25.18,08/25/18,360,08/20/19,1.97
526,94.23,08/26/18,60,10/25/18,1.45
527,23.43,08/26/18,10,09/05/18,1.74
528,11.16,08/27/18,14,09/10/18,1.29
529,95.95,08/28/18,90,11/26/18,1.75
530,80.00,08/29/18,30,09/28/18,1.53
531,86.88,08/29/18,360,08/24/19,2.15
532,49.75,08/29/18,30,09/28/18,1.49
533,30.48,08/30/18,5,09/04/18,0.68
534,86.45,08/31/18,60,10/30/18,2.00
535,78.28,09/01/18,2,09/03/18,1.11
536,6.68,09/02/18,7,09/09/18,1.21
537,73.92,09/02/18,360,08/28/19,2.35
538,13.71,09/02/18,5,09/07/18,1.44
539,40.65,09/03/18,30,10/03/18,0.87
540,5.26,09/04/18,0,09/04/18,0.48
541,16.22,09/05/18,180,03/04/19,2.35
542,46.62,09/05/18,28,10/03/18,0.90
543,52.66,09/06/18,10,09/16/18,1.66
544,32.30,09/07/18,1,09/08/18,0.43
545,64.04,09/08/18,14,09/22/18,1.75
546,98.02,09/09/18,360,09/04/19,1.99
547,36.10,09/09/18,1,09/10/18,1.31
548,5.21,09/09/18,7,09/16/18,0.85
549,32.02,09/09/18,7,09/16/18,1.45
550,54.21,09/09/18,90,12/08/18,2.03
551,26.23,09/09/18,28,10/07/18,1.18
552,47.36,09/10/18,60,11/09/18,1.41
553,95.90,09/10/18,31,10/11/18,1.05
554,15.05,09/11/18,90,12/10/18,2.09
555,42.69,09/12/18,60,11/11/18,1.74
556,76.99,09/13/18,360,09/08/19,1.81
557,2.80,09/14/18,7,09/21/18,0.71
558,43.06,09/15/18,90,12/14/18,2.10
559,89.68,09/16/18,0,09/16/18,0.74
560,21.65,09/17/18,360,09/12/19,1.70
561,98.57,09/17/18,360,09/12/19,2.55
562,86.36,09/18/18,360,09/13/19,1.71
563,20.63,09/18/18,0,09/18/18,1.36
564,60.67,09/19/18,10,09/29/18,1.56
565,65.78,09/19/18,7,09/26/18,1.24
566,15.17,09/19/18,90,12/18/18,1.43
567,56.09,09/19/18,10,09/29/18,1.52
568,91.21,09/20/18,10,09/30/18,0.97
569,38.36,09/21/18,31,10/22/18,1.24
570,87.35,09/22/18,2,09/24/18,1.47
571,23.93,09/22/18,180,03/21/19,1.65
572,47.97,09/23/18,1,09/24/18,1.03
573,53.67,09/24/18,30,10/24/18,1.43
574,84.89,09/25/18,10,10/05/18,1.03
575,19.45,09/25/18,90,12/24/18,1.96
576,94.79,09/25/18,29,10/24/18,1.73
577,80.28,09/26/18,2,09/28/18,0.99
578,7.62,09/26/18,1,09/27/18,0.44
579,2.59,09/26/18,0,09/26/18,1.18
580,35.73,09/26/18,31,10/27/18,1.23
581,15.62,09/27/18,1,09/28/18,0.56
582,82.25,09/27/18,180,03/26/19,1.86
583,32.83,09/28/18,28,10/26/18,1.78
584,58.35,09/28/18,31,10/29/18,1.14
585,42.72,09/28/18,31,10/29/18,0.99
586,31.40,09/29/18,2,10/01/18,1.48
587,53.44,09/30/18,90,12/29/18,1.31
588,31.81,10/01/18,60,11/30/18,1.52
589,10.28,10/01/18,5,10/06/18,1.04
590,38.64,10/01/18,31,11/01/18,1.15
591,40.30,10/02/18,29,10/31/18,1.42
592,41.32,10/03/18,90,01/01/19,1.95
593,10.28,10/04/18,90,01/02/19,1.60
594,76.10,10/05/18,90,01/03/19,1.59
595,99.52,10/06/18,30,11/05/18,1.28
596,84.21,10/07/18,1,10/08/18,1.09
597,34.44,10/08/18,5,10/13/18,1.58
598,3.60,10/08/18,90,01/06/19,1.60
599,10.30,10/09/18,90,01/07/19,2.17
600,74.81,10/09/18,31,11/09/18,1.39
601,60.41,10/09/18,2,10/11/18,0.84
602,3.81,10/10/18,31,11/10/18,1.01
603,31.72,10/10/18,1,10/11/18,0.93
604,9.59,10/11/18,31,11/11/18,1.00
605,62.27,10/12/18,28,11/09/18,0.91
606,32.65,10/13/18,0,10/13/18,1.28
607,88.62,10/13/18,360,10/08/19,2.13
608,39.81,10/14/18,28,11/11/18,1.56
609,97.01,10/14/18,0,10/14/18,1.28
610,88.56,10/14/18,28,11/11/18,0.96
611,87.44,10/14/18,1,10/15/18,0.66
612,95.55,10/14/18,7,10/21/18,0.97
613,58.22,10/14/18,5,10/19/18,1.43
614,68.02,10/14/18,60,12/13/18,1.16
615,22.77,10/15/18,1,10/16/18,0.84
616,48.11,10/16/18,31,11/16/18,1.47
617,57.51,10/16/18,14,10/30/18,1.74
618,97.87,10/16/18,5,10/21/18,1.01
619,54.45,10/17/18,180,04/15/19,2.11
620,20.01,10/17/18,90,01/15/19,1.94
621,66.81,10/18/18,14,11/01/18,0.86
622,93.48,10/18/18,31,11/18/18,1.92
623,22.67,10/19/18,2,10/21/18,1.11
624,83.39,10/19/18,14,11/02/18,1.49
625,87.29,10/19/18,90,01/17/19,1.40
626,61.94,10/20/18,31,11/20/18,1.82
627,8.28,10/21/18,10,10/31/18,1.49
628,7.71,10/22/18,5,10/27/18,0.96
629,57.45,10/23/18,1,10/24/18,0.63
630,42.43,10/24/18,1,10/25/18,0.60
631,54.20,10/25/18,60,12/24/18,2.11
632,96.24,10/25/18,1,10/26/18,1.16
633,95.10,10/25/18,30,11/24/18,1.19
634,26.03,10/26/18,14,11/09/18,1.07
635,6.22,10/26/18,360,10/21/19,2.40
636,27.36,10/27/18,2,10/29/18,0.90
637,53.18,10/27/18,1,10/28/18,1.14
638,60.33,10/28/18,360,10/23/19,2.25
639,73.50,10/29/18,360,10/24/19,1.97
640,91.67,10/29/18,31,11/29/18,1.70
641,64.33,10/29/18,10,11/08/18,1.50
642,15.31,10/30/18,7,11/06/18,0.77
643,53.45,10/30/18,1,10/31/18,1.08
644,20.76,10/30/18,360,10/25/19,1.62
645,42.96,10/30/18,29,11/28/18,1.03
646,35.99,10/30/18,5,11/04/18,0.77
647,48.88,10/30/18,60,12/29/18,1.26
648,33.76,10/30/18,10,11/09/18,1.12
649,57.41,10/31/18,1,11/01/18,0.73
650,41.39,10/31/18,360,10/26/19,2.28
651,0.10,10/31/18,14,11/14/18,1.72
652,6.50,10/31/18,360,10/26/19,1.87
653,68.53,10/31/18,60,12/30/18,1.99
654,38.54,10/31/18,31,12/01/18,1.49
655,55.60,11/01/18,5,11/06/18,0.99
656,18.29,11/02/18,14,11/16/18,0.87
657,90.43,11/03/18,1,11/04/18,1.20
658,32.53,11/04/18,60,01/03/19,1.47
659,6.85,11/05/18,1,11/06/18,1.01
660,56.70,11/06/18,1,11/07/18,0.47
661,93.11,11/07/18,180,05/06/19,2.21
662,0.63,11/07/18,90,02/05/19,1.99
663,8.11,11/08/18,28,12/06/18,1.19
664,34.13,11/08/18,360,11/03/19,2.51
665,29.55,11/08/18,10,11/18/18,0.79
666,39.40,11/08/18,30,12/08/18,1.24
667,86.20,11/08/18,30,12/08/18,1.27
668,8.65,11/08/18,14,11/22/18,1.03
669,25.86,11/08/18,7,11/15/18,0.99
670,55.07,11/08/18,31,12/09/18,1.90
671,64.59,11/09/18,360,11/04/19,2.54
672,3.59,11/10/18,5,11/15/18,0.63
673,59.14,11/10/18,30,12/10/18,1.74
674,78.27,11/10/18,2,11/12/18,0.82
675,74.90,11/10/18,10,11/20/18,0.80
676,45.31,11/11/18,1,11/12/18,0.62
677,62.00,11/12/18,90,02/10/19,2.11
678,69.08,11/13/18,1,11/14/18,1.33
679,17.53,11/14/18,60,01/13/19,1.83
680,52.51,11/15/18,31,12/16/18,1.29
681,29.84,11/15/18,5,11/20/18,0.60
682,70.04,11/16/18,60,01/15/19,1.75
683,87.40,11/17/18,5,11/22/18,0.96
684,0.45,11/17/18,0,11/17/18,0.62
685,66.96,11/18/18,2,11/20/18,0.80
686,22.89,11/18/18,14,12/02/18,1.30
687,53.23,11/18/18,7,11/25/18,1.06
688,25.03,11/19/18,60,01/18/19,1.34
689,8.16,11/20/18,31,12/21/18,1.07
690,70.88,11/20/18,2,11/22/18,0.94
691,83.47,11/21/18,14,12/05/18,1.13
692,89.52,11/22/18,7,11/29/18,1.14
693,70.69,11/22/18,29,12/21/18,1.30
694,53.70,11/22/18,30,12/22/18,1.41
695,22.30,11/22/18,29,12/21/18,1.45
696,99.92,11/22/18,2,11/24/18,1.05
697,55.13,11/23/18,7,11/30/18,1.20
698,29.46,11/24/18,7,12/01/18,1.01
699,64.00,11/24/18,180,05/23/19,2.10
700,43.22,11/25/18,7,12/02/18,1.55
701,17.15,11/26/18,60,01/25/19,1.23
702,51.45,11/27/18,90,02/25/19,1.82
703,97.14,11/28/18,7,12/05/18,0.93
704,66.20,11/29/18,1,11/30/18,0.57
705,51.24,11/29/18,360,11/24/19,2.44
706,7.16,11/30/18,7,12/07/18,1.22
707,53.07,12/01/18,5,12/06/18,0.95
708,65.24,12/01/18,29,12/30/18,1.77
709,9.11,12/01/18,90,03/01/19,1.81
710,84.51,12/02/18,14,12/16/18,1.20
711,14.65,12/02/18,5,12/07/18,1.05
712,47.44,12/02/18,5,12/07/18,1.03
713,54.13,12/03/18,1,12/04/18,0.44
714,92.04,12/03/18,14,12/17/18,1.56
715,1.75,12/04/18,2,12/06/18,1.30
716,44.23,12/05/18,2,12/07/18,0.68
717,16.26,12/06/18,360,12/01/19,2.19
718,13.02,12/07/18,7,12/14/18,1.17
719,89.18,12/08/18,30,01/07/19,0.92
720,71.55,12/08/18,180,06/06/19,2.16
721,87.26,12/08/18,360,12/03/19,2.45
722,56.39,12/09/18,180,06/07/19,1.79
723,61.28,12/09/18,7,12/16/18,1.21
724,92.10,12/10/18,14,12/24/18,1.77
725,99.06,12/11/18,14,12/25/18,1.11
726,58.40,12/12/18,2,12/14/18,1.14
727,13.32,12/13/18,1,12/14/18,0.77
728,26.34,12/14/18,5,12/19/18,1.38
729,94.13,12/15/18,14,12/29/18,0.95
730,61.85,12/15/18,7,12/22/18,0.73
731,4.99,12/15/18,2,12/17/18,1.17
732,25.71,12/16/18,90,03/16/19,2.14
733,90.75,12/16/18,2,12/18/18,1.16
734,24.04,12/16/18,2,12/18/18,0.86
735,48.12,12/17/18,5,12/22/18,1.18
736,62.24,12/17/18,5,12/22/18,0.74
737,24.41,12/18/18,31,01/18/19,1.80
738,3.79,12/18/18,31,01/18/19,1.83
739,60.77,12/18/18,180,06/16/19,2.32
740,49.47,12/19/18,7,12/26/18,1.51
741,82.98,12/19/18,360,12/14/19,2.32
742,71.06,12/20/18,2,12/22/18,0.76
743,28.47,12/21/18,90,03/21/19,1.54
744,1.72,12/22/18,180,06/20/19,1.38
745,34.94,12/23/18,10,01/02/19,1.37
746,58.36,12/23/18,60,02/21/19,1.54
747,83.03,12/23/18,1,12/24/18,0.57
748,42.91,12/23/18,7,12/30/18,0.92
749,18.18,12/24/18,2,12/26/18,1.30
750,24.81,12/25/18,360,12/20/19,1.81
751,97.72,12/26/18,0,12/26/18,1.16
752,16.45,12/26/18,60,02/24/19,1.83
753,64.65,12/27/18,90,03/27/19,2.14
754,92.41,12/27/18,90,03/27/19,2.07
755,6.46,12/27/18,60,02/25/19,2.01
756,45.15,12/27/18,30,01/26/19,1.44
757,5.17,12/27/18,10,01/06/19,1.70
758,21.88,12/27/18,360,12/22/19,1.59
759,59.09,12/27/18,180,06/25/19,2.06
760,49.81,12/28/18,0,12/28/18,1.20
761,35.98,12/28/18,14,01/11/19,1.62
762,82.16,12/28/18,31,01/28/19,1.44
763,63.96,12/28/18,30,01/27/19,1.07
764,90.60,12/28/18,10,01/07/19,1.61
765,99.80,12/28/18,5,01/02/19,1.59
766,55.94,12/28/18,60,02/26/19,1.50
767,54.27,12/29/18,31,01/29/19,1.05
768,16.79,12/30/18,360,12/25/19,2.28
769,17.57,12/30/18,360,12/25/19,2.14
770,47.80,12/30/18,60,02/28/19,1.48
771,78.92,12/30/18,29,01/28/19,1.05
772,64.09,12/31/18,14,01/14/19,1.77
773,23.84,12/31/18,14,01/14/19,0.81
774,88.32,01/01/19,5,01/06/19,0.61
775,54.59,01/01/19,90,04/01/19,1.73
776,84.90,01/02/19,29,01/31/19,1.65
777,9.42,01/02/19,31,02/02/19,1.20
778,13.16,01/02/19,360,12/28/19,1.71
779,81.67,01/02/19,360,12/28/19,1.94
780,64.03,01/02/19,10,01/12/19,1.63
781,69.48,01/02/19,28,01/30/19,1.66
782,18.11,01/02/19,2,01/04/19,0.77
783,41.99,01/03/19,90,04/03/19,2.23
784,32.65,01/04/19,7,01/11/19,1.49
785,52.31,01/04/19,14,01/18/19,1.73
786,21.42,01/04/19,30,02/03/19,1.07
787,30.13,01/05/19,360,12/31/19,1.61
788,27.01,01/05/19,0,01/05/19,0.48
789,37.24,01/06/19,90,04/06/19,1.42
790,0.60,01/06/19,30,02/05/19,1.13
791,58.64,01/07/19,0,01/07/19,0.89
792,11.36,01/08/19,30,02/07/19,1.01
793,89.31,01/09/19,90,04/09/19,2.11
794,17.81,01/10/19,90,04/10/19,1.71
795,4.63,01/10/19,90,04/10/19,1.99
796,45.72,01/10/19,1,01/11/19,1.34
797,88.03,01/10/19,60,03/11/19,1.85
798,79.88,01/11/19,31,02/11/19,1.10
799,99.63,01/12/19,31,02/12/19,1.68
800,91.23,01/13/19,60,03/14/19,1.23
801,37.55,01/13/19,29,02/11/19,1.59
802,5.04,01/14/19,30,02/13/19,1.28
803,54.46,01/15/19,29,02/13/19,1.60
804,20.82,01/15/19,10,01/25/19,1.18
805,36.44,01/15/19,30,02/14/19,1.20
806,83.42,01/16/19,180,07/15/19,2.30
807,7.46,01/17/19,360,01/12/20,2.32
808,61.11,01/18/19,90,04/18/19,1.84
809,18.77,01/18/19,30,02/17/19,0.98
810,44.23,01/18/19,7,01/25/19,0.95
811,25.40,01/18/19,90,04/18/19,1.35
812,37.41,01/18/19,60,03/19/19,1.42
813,32.69,01/18/19,10,01/28/19,1.49
814,40.83,01/18/19,360,01/13/20,1.57
815,54.08,01/18/19,14,02/01/19,1.06
816,79.86,01/19/19,31,02/19/19,1.26
817,81.68,01/20/19,0,01/20/19,0.89
818,11.87,01/21/19,10,01/31/19,0.77
819,98.75,01/22/19,360,01/17/20,2.25
820,9.18,01/22/19,14,02/05/19,1.63
821,20.76,01/22/19,30,02/21/19,1.11
822,42.57,01/22/19,360,01/17/20,1.84
823,26.65,01/23/19,10,02/02/19,1.26
824,99.39,01/24/19,2,01/26/19,1.32
825,32.21,01/24/19,2,01/26/19,0.62
826,61.27,01/25/19,7,02/01/19,1.19
827,14.70,01/25/19,31,02/25/19,1.54
828,22.66,01/26/19,90,04/26/19,1.82
829,65.52,01/26/19,28,02/23/19,1.43
830,77.53,01/27/19,2,01/29/19,0.54
831,32.68,01/27/19,28,02/24/19,1.03
832,32.37,01/28/19,31,02/28/19,1.32
833,29.35,01/28/19,29,02/26/19,1.75
834,31.02,01/28/19,5,02/02/19,0.64
835,84.92,01/29/19,180,07/28/19,2.01
836,59.53,01/29/19,1,01/30/19,1.40
837,29.26,01/30/19,30,03/01/19,1.81
838,4.89,01/31/19,31,03/03/19,1.60
839,14.26,02/01/19,30,03/03/19,1.48
840,28.62,02/02/19,29,03/03/19,0.91
841,82.02,02/02/19,14,02/16/19,0.86
842,41.13,02/03/19,1,02/04/19,1.08
843,94.20,02/03/19,180,08/02/19,1.67
844,8.17,02/04/19,29,03/05/19,0.84
845,36.41,02/04/19,30,03/06/19,1.63
846,15.61,02/05/19,1,02/06/19,0.46
847,83.72,02/05/19,5,02/10/19,1.16
848,23.43,02/06/19,14,02/20/19,1.76
849,28.21,02/07/19,90,05/08/19,1.76
850,30.44,02/07/19,1,02/08/19,1.21
851,67.36,02/07/19,31,03/10/19,1.18
852,28.47,02/07/19,7,02/14/19,1.40
853,42.55,02/07/19,0,02/07/19,1.22
854,8.33,02/07/19,10,02/17/19,1.53
855,41.31,02/07/19,28,03/07/19,0.85
856,92.38,02/07/19,7,02/14/19,0.90
857,7.19,02/08/19,360,02/03/20,2.52
858,28.53,02/08/19,180,08/07/19,1.69
859,72.57,02/08/19,31,03/11/19,1.27
860,83.35,02/08/19,28,03/08/19,1.57
861,10.12,02/08/19,28,03/08/19,1.77
862,91.56,02/09/19,29,03/10/19,1.48
863,45.13,02/10/19,28,03/10/19,1.41
864,77.53,02/10/19,360,02/05/20,1.56
865,20.06,02/10/19,7,02/17/19,0.81
866,63.58,02/11/19,10,02/21/19,1.46
867,59.37,02/12/19,29,03/13/19,1.20
868,75.19,02/12/19,28,03/12/19,1.74
869,36.32,02/12/19,29,03/13/19,1.33
870,97.86,02/13/19,14,02/27/19,1.61
871,41.30,02/14/19,1,02/15/19,1.09
872,60.48,02/14/19,180,08/13/19,1.93
873,99.19,02/15/19,7,02/22/19,1.05
874,21.23,02/16/19,60,04/17/19,1.32
875,33.26,02/16/19,360,02/11/20,2.55
876,45.65,02/17/19,180,08/16/19,1.60
877,16.54,02/17/19,5,02/22/19,1.16
878,26.96,02/18/19,360,02/13/20,2.07
879,65.19,02/18/19,31,03/21/19,1.33
880,71.02,02/18/19,60,04/19/19,1.94
881,38.53,02/18/19,31,03/21/19,1.13
882,84.77,02/19/19,7,02/26/19,1.52
883,29.71,02/19/19,28,03/19/19,1.56
884,78.98,02/19/19,10,03/01/19,1.23
885,86.12,02/20/19,14,03/06/19,1.50
886,38.79,02/21/19,180,08/20/19,2.02
887,67.00,02/22/19,1,02/23/19,0.96
888,44.86,02/22/19,30,03/24/19,1.64
889,54.69,02/22/19,7,03/01/19,1.34
890,94.41,02/23/19,31,03/26/19,1.07
891,66.86,02/23/19,14,03/09/19,1.29
892,79.25,02/24/19,31,03/27/19,1.71
893,58.29,02/24/19,1,02/25/19,0.92
894,1.78,02/25/19,28,03/25/19,0.95
895,42.67,02/26/19,30,03/28/19,0.87
896,48.75,02/27/19,14,03/13/19,1.72
897,87.83,02/27/19,31,03/30/19,1.64
898,19.97,02/27/19,90,05/28/19,1.95
899,20.04,02/27/19,14,03/13/19,1.13
900,50.93,02/27/19,360,02/22/20,1.70
901,93.17,02/27/19,30,03/29/19,1.13
902,79.63,02/28/19,5,03/05/19,1.07
903,37.15,03/01/19,10,03/11/19,1.18
904,85.06,03/01/19,29,03/30/19,0.91
905,3.44,03/02/19,5,03/07/19,0.91
906,68.63,03/03/19,360,02/26/20,1.98
907,99.61,03/04/19,29,04/02/19,1.03
908,50.10,03/05/19,10,03/15/19,1.68
909,23.91,03/06/19,180,09/02/19,1.51
910,19.79,03/07/19,29,04/05/19,1.71
911,79.13,03/07/19,90,06/05/19,1.67
912,43.12,03/07/19,14,03/21/19,0.91
913,61.00,03/07/19,14,03/21/19,1.21
914,27.74,03/08/19,1,03/09/19,0.51
915,12.70,03/08/19,30,04/07/19,1.56
916,88.10,03/09/19,60,05/08/19,1.51
917,64.06,03/10/19,28,04/07/19,1.35
918,44.33,03/11/19,60,05/10/19,1.62
919,27.08,03/11/19,2,03/13/19,0.59
920,32.33,03/12/19,29,04/10/19,1.48
921,99.66,03/13/19,360,03/07/20,1.71
922,27.10,03/14/19,14,03/28/19,1.00
923,31.29,03/15/19,5,03/20/19,0.96
924,23.69,03/16/19,180,09/12/19,1.93
925,60.70,03/17/19,1,03/18/19,1.08
926,49.64,03/17/19,28,04/14/19,1.70
927,79.78,03/17/19,180,09/13/19,1.63
928,88.89,03/18/19,180,09/14/19,1.61
929,25.34,03/19/19,31,04/19/19,1.49
930,13.39,03/19/19,10,03/29/19,1.40
931,4.50,03/20/19,5,03/25/19,1.26
932,37.85,03/21/19,0,03/21/19,1.18
933,39.93,03/21/19,2,03/23/19,0.61
934,90.78,03/22/19,360,03/16/20,1.92
935,36.93,03/23/19,28,04/20/19,1.74
936,21.12,03/23/19,29,04/21/19,1.21
937,0.64,03/24/19,29,04/22/19,0.86
938,97.60,03/25/19,29,04/23/19,1.33
939,37.05,03/25/19,180,09/21/19,1.69
940,16.57,03/26/19,10,04/05/19,1.41
941,0.08,03/26/19,1,03/27/19,1.37
942,92.13,03/27/19,31,04/27/19,1.54
943,5.93,03/27/19,180,09/23/19,1.98
944,78.43,03/27/19,360,03/21/20,1.64
945,68.88,03/27/19,30,04/26/19,0.92
946,63.82,03/27/19,29,04/25/19,1.28
947,31.43,03/27/19,360,03/21/20,2.10
948,15.75,03/28/19,10,04/07/19,1.63
949,38.54,03/28/19,5,04/02/19,1.02
950,71.20,03/29/19,180,09/25/19,1.79
951,11.54,03/29/19,90,06/27/19,2.03
952,33.42,03/30/19,29,04/28/19,1.39
953,62.85,03/31/19,1,04/01/19,0.65
954,98.39,04/01/19,1,04/02/19,0.82
955,64.20,04/01/19,360,03/26/20,2.08
956,32.09,04/02/19,2,04/04/19,1.31
957,99.62,04/03/19,30,05/03/19,1.07
958,5.95,04/03/19,0,04/03/19,1.24
959,96.79,04/04/19,0,04/04/19,0.89
960,25.34,04/04/19,29,05/03/19,1.53
961,42.82,04/04/19,90,07/03/19,1.48
962,15.66,04/04/19,360,03/29/20,2.40
963,41.44,04/05/19,29,05/04/19,1.67
964,74.28,04/05/19,1,04/06/19,0.96
965,9.14,04/05/19,2,04/07/19,1.48
966,14.60,04/06/19,10,04/16/19,0.82
967,2.23,04/07/19,360,04/01/20,2.19
968,63.56,04/08/19,28,05/06/19,0.89
969,67.82,04/09/19,2,04/11/19,0.98
970,41.79,04/09/19,14,04/23/19,1.59
971,21.56,04/10/19,10,04/20/19,0.83
972,87.39,04/10/19,29,05/09/19,1.56
973,81.51,04/10/19,60,06/09/19,1.52
974,75.86,04/10/19,60,06/09/19,1.77
975,73.34,04/10/19,1,04/11/19,1.10
976,25.01,04/11/19,28,05/09/19,0.87
977,66.86,04/12/19,28,05/10/19,1.54
978,56.90,04/12/19,1,04/13/19,0.64
979,52.88,04/13/19,28,05/11/19,1.42
980,38.79,04/14/19,7,04/21/19,0.87
981,52.61,04/14/19,29,05/13/19,1.33
982,20.73,04/14/19,31,05/15/19,1.13
983,95.85,04/15/19,10,04/25/19,1.29
984,44.95,04/16/19,7,04/23/19,1.11
985,14.53,04/16/19,180,10/13/19,1.56
986,30.52,04/17/19,31,05/18/19,1.77
987,94.16,04/18/19,10,04/28/19,1.18
988,72.18,04/18/19,360,04/12/20,2.13
989,88.31,04/19/19,60,06/18/19,1.18
990,31.92,04/20/19,1,04/21/19,0.65
991,79.42,04/20/19,29,05/19/19,0.99
992,71.82,04/20/19,10,04/30/19,1.50
993,11.30,04/20/19,180,10/17/19,1.88
994,28.61,04/20/19,90,07/19/19,2.04
995,91.07,04/21/19,10,05/01/19,0.86
996,74.68,04/22/19,360,04/16/20,2.37
997,16.41,04/23/19,180,10/20/19,1.70
998,70.36,04/23/19,28,05/21/19,1.06
999,22.99,04/24/19,31,05/25/19,1.29
1000,96.07,04/24/19,14,05/08/19,0.88
1001,17.11,04/25/19,7,05/02/19,1.29
1002,94.24,04/26/19,360,04/20/20,1.76
1003,42.69,04/26/19,1,04/27/19,1.38
1004,22.79,04/26/19,29,05/25/19,0.94
1005,57.59,04/27/19,10,05/07/19,1.41
1006,77.26,04/28/19,1,04/29/19,0.93
1007,80.12,04/28/19,5,05/03/19,0.65
1008,81.37,04/28/19,360,04/22/20,1.60
1009,95.57,04/28/19,30,05/28/19,0.87
1010,65.74,04/29/19,10,05/09/19,0.88
1011,97.10,04/30/19,30,05/30/19,1.35
1012,50.57,04/30/19,180,10/27/19,1.63
1013,48.89,05/01/19,14,05/15/19,0.87
1014,66.60,05/01/19,14,05/15/19,0.93
1015,19.61,05/02/19,360,04/26/20,2.45
1016,64.50,05/03/19,180,10/30/19,1.44
1017,46.77,05/04/19,360,04/28/20,1.94
1018,87.43,05/04/19,31,06/04/19,1.17
1019,74.47,05/04/19,31,06/04/19,1.22
1020,67.09,05/04/19,28,06/01/19,1.65
1021,15.73,05/05/19,360,04/29/20,1.72
1022,94.25,05/06/19,1,05/07/19,0.74
1023,64.84,05/07/19,90,08/05/19,1.62
1024,58.11,05/07/19,90,08/05/19,1.57
1025,64.07,05/08/19,360,05/02/20,2.08
1026,4.82,05/09/19,180,11/05/19,1.60
1027,8.47,05/10/19,90,08/08/19,1.46
1028,30.52,05/10/19,360,05/04/20,2.45
1029,62.25,05/11/19,29,06/09/19,1.44
1030,66.57,05/12/19,31,06/12/19,1.27
1031,58.09,05/12/19,1,05/13/19,1.33
1032,74.18,05/12/19,90,08/10/19,1.89
1033,15.98,05/12/19,31,06/12/19,1.41
1034,84.41,05/13/19,31,06/13/19,1.78
1035,96.50,05/13/19,360,05/07/20,2.32
1036,31.43,05/13/19,1,05/14/19,0.55
1037,34.12,05/13/19,360,05/07/20,1.96
1038,63.18,05/13/19,360,05/07/20,2.11
1039,7.90,05/13/19,5,05/18/19,0.69
1040,94.70,05/14/19,360,05/08/20,1.77
1041,66.73,05/15/19,7,05/22/19,0.92
1042,45.18,05/15/19,2,05/17/19,1.22
1043,33.41,05/15/19,60,07/14/19,1.45
1044,66.37,05/15/19,1,05/16/19,1.09
1045,85.72,05/16/19,14,05/30/19,0.86
1046,16.13,05/16/19,2,05/18/19,1.41
1047,89.42,05/17/19,29,06/15/19,0.93
1048,79.57,05/18/19,360,05/12/20,2.38
1049,85.66,05/19/19,180,11/15/19,1.42
1050,90.82,05/19/19,31,06/19/19,1.12
1051,23.61,05/20/19,10,05/30/19,1.53
1052,71.77,05/20/19,7,05/27/19,1.25
1053,2.60,05/20/19,1,05/21/19,1.14
1054,97.43,05/20/19,180,11/16/19,1.72
1055,44.43,05/21/19,10,05/31/19,1.49
1056,93.59,05/21/19,180,11/17/19,2.04
1057,66.62,05/22/19,10,06/01/19,1.18
1058,47.92,05/22/19,30,06/21/19,1.45
1059,16.22,05/22/19,60,07/21/19,1.23
1060,78.23,05/22/19,31,06/22/19,1.45
1061,18.98,05/23/19,30,06/22/19,1.76
1062,7.79,05/24/19,30,06/23/19,1.50
1063,9.79,05/25/19,1,05/26/19,1.14
1064,54.43,05/26/19,28,06/23/19,1.08
1065,67.29,05/26/19,360,05/20/20,1.60
1066,70.90,05/26/19,28,06/23/19,1.76
1067,77.01,05/27/19,60,07/26/19,1.74
1068,7.86,05/27/19,2,05/29/19,1.45
1069,39.90,05/28/19,30,06/27/19,1.41
1070,23.07,05/29/19,2,05/31/19,0.90
1071,80.71,05/30/19,28,06/27/19,0.99
1072,30.57,05/31/19,60,07/30/19,1.15
1073,53.09,05/31/19,28,06/28/19,0.87
1074,88.69,05/31/19,7,06/07/19,1.30
1075,4.34,05/31/19,90,08/29/19,1.80
1076,6.68,06/01/19,60,07/31/19,1.36
1077,84.08,06/01/19,14,06/15/19,1.60
1078,2.60,06/01/19,31,07/02/19,1.54
1079,60.89,06/02/19,5,06/07/19,1.32
1080,37.78,06/02/19,1,06/03/19,0.96
1081,93.69,06/02/19,180,11/29/19,1.91
1082,41.40,06/03/19,7,06/10/19,1.53
1083,78.17,06/03/19,10,06/13/19,1.29
1084,27.38,06/03/19,28,07/01/19,1.65
1085,22.64,06/04/19,180,12/01/19,2.03
1086,36.96,06/04/19,360,05/29/20,2.15
1087,67.67,06/04/19,180,12/01/19,1.84
1088,48.40,06/04/19,28,07/02/19,1.77
1089,73.56,06/04/19,360,05/29/20,2.50
1090,47.98,06/04/19,1,06/05/19,1.02
1091,49.71,06/05/19,1,06/06/19,0.68
1092,70.93,06/06/19,14,06/20/19,1.64
1093,81.31,06/07/19,30,07/07/19,1.59
1094,10.33,06/08/19,7,06/15/19,0.75
1095,56.66,06/09/19,31,07/10/19,1.21
1096,0.48,06/09/19,1,06/10/19,0.74
1097,20.73,06/09/19,360,06/03/20,1.71
1098,24.42,06/10/19,14,06/24/19,1.32
1099,62.35,06/10/19,10,06/20/19,1.30
1100,42.39,06/11/19,31,07/12/19,1.02
1101,71.50,06/11/19,31,07/12/19,1.50
1102,42.90,06/11/19,30,07/11/19,1.71
1103,81.55,06/11/19,30,07/11/19,1.29
1104,39.93,06/12/19,1,06/13/19,1.23
1105,9.90,06/13/19,14,06/27/19,1.06
1106,22.82,06/14/19,360,06/08/20,2.03
1107,54.96,06/15/19,5,06/20/19,0.75
1108,31.78,06/15/19,2,06/17/19,1.43
1109,88.84,06/16/19,14,06/30/19,1.52
1110,5.48,06/16/19,10,06/26/19,1.04
1111,88.12,06/16/19,10,06/26/19,1.36
1112,94.12,06/16/19,14,06/30/19,1.14
1113,48.81,06/16/19,14,06/30/19,0.88
1114,36.50,06/17/19,2,06/19/19,1.39
1115,51.94,06/18/19,14,07/02/19,1.76
1116,10.75,06/19/19,180,12/16/19,2.34
1117,0.36,06/19/19,5,06/24/19,0.75
1118,34.36,06/20/19,1,06/21/19,1.30
1119,87.34,06/20/19,7,06/27/19,0.65
1120,45.14,06/20/19,30,07/20/19,1.55
1121,55.47,06/20/19,28,07/18/19,1.38
1122,43.17,06/21/19,31,07/22/19,1.39
1123,5.32,06/22/19,10,07/02/19,0.82
1124,28.26,06/23/19,60,08/22/19,1.20
1125,66.14,06/24/19,60,08/23/19,1.57
1126,35.60,06/24/19,360,06/18/20,2.26
1127,2.75,06/24/19,7,07/01/19,1.43
1128,37.17,06/24/19,60,08/23/19,2.01
1129,96.10,06/25/19,180,12/22/19,2.26
1130,55.40,06/26/19,90,09/24/19,2.10
1131,71.14,06/26/19,14,07/10/19,1.77
1132,10.54,06/26/19,31,07/27/19,1.24
1133,56.65,06/27/19,60,08/26/19,1.52
1134,42.81,06/28/19,180,12/25/19,1.62
1135,20.09,06/29/19,90,09/27/19,2.18
1136,63.66,06/29/19,14,07/13/19,1.42
1137,8.57,06/29/19,360,06/23/20,1.70
1138,81.64,06/29/19,29,07/28/19,1.14
1139,48.75,06/29/19,29,07/28/19,1.04
1140,9.81,06/30/19,1,07/01/19,0.47
1141,58.04,06/30/19,360,06/24/20,1.56
1142,85.64,06/30/19,14,07/14/19,1.39
1143,44.77,06/30/19,30,07/30/19,1.48
1144,72.55,07/01/19,31,08/01/19,1.45
1145,4.90,07/01/19,29,07/30/19,0.95
1146,69.59,07/01/19,2,07/03/19,0.64
1147,79.57,07/02/19,10,07/12/19,1.73
1148,20.53,07/03/19,10,07/13/19,1.14
1149,8.38,07/03/19,1,07/04/19,0.54
1150,41.75,07/04/19,28,08/01/19,0.89
1151,83.06,07/05/19,7,07/12/19,0.77
1152,40.00,07/05/19,360,06/29/20,2.51
1153,25.02,07/05/19,29,08/03/19,1.06
1154,92.75,07/06/19,2,07/08/19,1.24
1155,88.47,07/07/19,29,08/05/19,1.15
1156,91.77,07/08/19,5,07/13/19,1.26
1157,22.35,07/08/19,180,01/04/20,1.48
1158,16.82,07/08/19,60,09/06/19,1.73
1159,77.66,07/08/19,5,07/13/19,0.96
1160,51.87,07/09/19,30,08/08/19,1.71
1161,85.49,07/10/19,7,07/17/19,1.58
1162,99.88,07/10/19,90,10/08/19,2.03
1163,11.83,07/10/19,5,07/15/19,1.12
1164,58.39,07/10/19,28,08/07/19,1.48
1165,60.40,07/10/19,1,07/11/19,1.24
1166,16.78,07/11/19,90,10/09/19,1.81
1167,43.47,07/11/19,28,08/08/19,1.20
1168,57.87,07/11/19,360,07/05/20,2.01
1169,61.00,07/12/19,5,07/17/19,1.32
1170,79.66,07/12/19,28,08/09/19,1.06
1171,86.34,07/12/19,31,08/12/19,1.13
1172,46.89,07/13/19,60,09/11/19,2.06
1173,56.01,07/13/19,14,07/27/19,0.99
1174,90.57,07/14/19,31,08/14/19,1.03
1175,42.24,07/15/19,31,08/15/19,1.22
1176,75.72,07/15/19,31,08/15/19,0.96
1177,57.21,07/15/19,90,10/13/19,2.21
1178,13.10,07/16/19,31,08/16/19,1.78
1179,69.99,07/16/19,5,07/21/19,0.87
1180,37.15,07/17/19,5,07/22/19,0.72
1181,22.35,07/18/19,1,07/19/19,0.73
1182,12.70,07/19/19,28,08/16/19,1.19
1183,95.60,07/20/19,30,08/19/19,1.46
1184,78.75,07/20/19,5,07/25/19,1.59
1185,50.79,07/20/19,180,01/16/20,1.77
1186,4.74,07/21/19,360,07/15/20,2.45
1187,73.44,07/22/19,29,08/20/19,1.09
1188,43.37,07/23/19,31,08/23/19,1.51
1189,91.62,07/24/19,31,08/24/19,1.29
1190,37.05,07/25/19,31,08/25/19,1.24
1191,13.79,07/26/19,2,07/28/19,0.74
1192,57.79,07/27/19,360,07/21/20,1.59
1193,63.20,07/28/19,60,09/26/19,1.16
1194,58.69,07/28/19,2,07/30/19,1.32
1195,93.53,07/29/19,28,08/26/19,1.40
1196,10.87,07/30/19,5,08/04/19,1.33
1197,60.00,07/31/19,14,08/14/19,0.89
1198,55.64,07/31/19,29,08/29/19,0.83
1199,55.97,07/31/19,90,10/29/19,1.33
1200,33.96,08/01/19,2,08/03/19,1.33
1201,1.61,08/02/19,10,08/12/19,1.69
1202,43.93,08/02/19,28,08/30/19,0.95
1203,61.86,08/02/19,360,07/27/20,1.58
1204,4.49,08/03/19,360,07/28/20,1.76
1205,31.96,08/04/19,31,09/04/19,1.60
1206,78.38,08/05/19,7,08/12/19,1.36
1207,55.95,08/05/19,14,08/19/19,1.33
1208,38.91,08/06/19,10,08/16/19,1.66
1209,53.66,08/06/19,7,08/13/19,0.87
1210,76.84,08/06/19,10,08/16/19,1.43
1211,56.17,08/06/19,90,11/04/19,1.50
1212,50.96,08/07/19,28,09/04/19,1.02
1213,14.08,08/08/19,28,09/05/19,1.51
1214,94.76,08/08/19,180,02/04/20,1.95
1215,45.32,08/08/19,28,09/05/19,1.09
1216,58.15,08/08/19,7,08/15/19,1.15
1217,67.69,08/09/19,360,08/03/20,2.26
1218,39.70,08/09/19,360,08/03/20,2.44
1219,93.18,08/09/19,0,08/09/19,1.34
1220,64.33,08/09/19,30,09/08/19,1.49
1221,57.33,08/09/19,31,09/09/19,1.62
1222,57.64,08/09/19,14,08/23/19,1.62
1223,42.62,08/10/19,1,08/11/19,0.67
1224,80.54,08/11/19,29,09/09/19,1.56
1225,65.90,08/12/19,31,09/12/19,1.90
1226,11.23,08/12/19,60,10/11/19,2.05
1227,81.39,08/12/19,28,09/09/19,1.10
1228,65.13,08/13/19,31,09/13/19,1.84
1229,78.78,08/14/19,180,02/10/20,2.22
1230,82.73,08/14/19,360,08/08/20,1.94
1231,34.58,08/15/19,5,08/20/19,0.70
1232,78.24,08/16/19,2,08/18/19,0.78
1233,73.85,08/17/19,0,08/17/19,1.08
1234,87.75,08/17/19,14,08/31/19,1.14
1235,96.30,08/18/19,60,10/17/19,1.37
1236,9.99,08/19/19,29,09/17/19,1.44
1237,88.45,08/20/19,0,08/20/19,1.07
1238,45.36,08/20/19,2,08/22/19,1.07
1239,51.76,08/20/19,29,09/18/19,1.13
1240,51.26,08/20/19,60,10/19/19,1.38
1241,32.09,08/20/19,5,08/25/19,1.46
1242,58.72,08/21/19,7,08/28/19,0.62
1243,40.52,08/21/19,31,09/21/19,1.20
1244,62.49,08/21/19,29,09/19/19,1.11
1245,98.88,08/22/19,10,09/01/19,1.31
1246,55.71,08/22/19,7,08/29/19,1.31
1247,67.67,08/22/19,29,09/20/19,0.81
1248,34.39,08/23/19,60,10/22/19,1.34
1249,83.37,08/23/19,90,11/21/19,1.26
1250,8.13,08/23/19,2,08/25/19,0.65
1251,39.21,08/23/19,180,02/19/20,2.27
1252,55.45,08/23/19,60,10/22/19,1.35
1253,16.57,08/23/19,360,08/17/20,2.05
1254,58.66,08/24/19,0,08/24/19,1.29
1255,45.18,08/24/19,1,08/25/19,0.99
1256,68.89,08/25/19,29,09/23/19,0.81
1257,92.05,08/26/19,360,08/20/20,1.67
1258,66.08,08/27/19,28,09/24/19,0.92
1259,79.51,08/28/19,29,09/26/19,1.13
1260,89.40,08/28/19,31,09/28/19,1.05
1261,18.26,08/28/19,360,08/22/20,1.99
1262,95.69,08/29/19,14,09/12/19,0.78
1263,56.50,08/30/19,10,09/09/19,1.58
1264,29.92,08/31/19,28,09/28/19,0.85
1265,58.60,09/01/19,10,09/11/19,0.90
1266,45.16,09/01/19,31,10/02/19,1.22
1267,30.23,09/02/19,14,09/16/19,0.83
1268,11.19,09/03/19,7,09/10/19,0.74
1269,40.45,09/03/19,1,09/04/19,0.80
1270,40.47,09/04/19,14,09/18/19,1.55
1271,14.01,09/04/19,5,09/09/19,0.85
1272,9.41,09/04/19,14,09/18/19,1.42
1273,52.37,09/04/19,2,09/06/19,0.78
1274,37.23,09/04/19,180,03/02/20,2.04
1275,89.02,09/04/19,5,09/09/19,1.10
1276,60.98,09/05/19,10,09/15/19,1.04
1277,53.98,09/05/19,14,09/19/19,0.81
1278,22.88,09/06/19,60,11/05/19,1.84
1279,92.32,09/06/19,28,10/04/19,1.64
1280,66.67,09/07/19,5,09/12/19,1.09
1281,61.06,09/07/19,5,09/12/19,0.62
1282,35.81,09/07/19,1,09/08/19,0.70
1283,57.29,09/08/19,180,03/06/20,1.70
1284,40.81,09/09/19,360,09/03/20,2.35
1285,12.46,09/09/19,29,10/08/19,1.15
1286,1.59,09/09/19,180,03/07/20,2.03
1287,36.83,09/09/19,10,09/19/19,1.23
1288,85.66,09/09/19,14,09/23/19,1.04
1289,35.72,09/09/19,60,11/08/19,1.46
1290,89.84,09/10/19,30,10/10/19,1.17
1291,11.47,09/10/19,360,09/04/20,2.06
1292,25.62,09/10/19,7,09/17/19,0.89
1293,53.62,09/10/19,0,09/10/19,0.92
1294,53.43,09/10/19,90,12/09/19,1.50
1295,93.39,09/11/19,60,11/10/19,1.68
1296,58.21,09/11/19,180,03/09/20,1.44
1297,64.79,09/11/19,31,10/12/19,1.91
1298,87.14,09/12/19,29,10/11/19,1.06
1299,2.70,09/13/19,14,09/27/19,1.01
1300,63.05,09/14/19,31,10/15/19,1.23
1301,37.36,09/15/19,29,10/14/19,0.95
1302,91.03,09/15/19,360,09/09/20,1.74
1303,47.33,09/15/19,10,09/25/19,0.99
1304,43.20,09/16/19,1,09/17/19,1.23
1305,52.29,09/17/19,90,12/16/19,1.80
1306,53.67,09/18/19,1,09/19/19,1.38
1307,65.11,09/19/19,7,09/26/19,0.80
1308,44.77,09/20/19,90,12/19/19,2.14
1309,25.34,09/20/19,360,09/14/20,2.09
1310,99.93,09/20/19,5,09/25/19,1.31
1311,60.70,09/20/19,60,11/19/19,1.66
1312,61.47,09/21/19,2,09/23/19,0.87
1313,40.42,09/21/19,1,09/22/19,1.01
1314,2.61,09/22/19,0,09/22/19,0.98
1315,23.34,09/22/19,31,10/23/19,1.63
1316,78.05,09/22/19,14,10/06/19,0.79
1317,56.32,09/22/19,0,09/22/19,1.18
1318,40.29,09/23/19,360,09/17/20,1.87
1319,45.77,09/23/19,360,09/17/20,1.71
1320,72.44,09/24/19,31,10/25/19,1.01
1321,53.81,09/25/19,31,10/26/19,1.05
1322,18.37,09/25/19,7,10/02/19,1.12
1323,58.79,09/26/19,28,10/24/19,1.02
1324,46.78,09/27/19,90,12/26/19,1.49
1325,50.47,09/28/19,7,10/05/19,1.13
1326,11.78,09/28/19,90,12/27/19,1.47
1327,14.60,09/29/19,60,11/28/19,2.10
1328,95.47,09/30/19,29,10/29/19,1.40
1329,82.86,09/30/19,31,10/31/19,1.88
1330,66.73,09/30/19,10,10/10/19,1.24
1331,93.43,09/30/19,14,10/14/19,1.03
1332,39.51,09/30/19,60,11/29/19,1.98
1333,65.07,10/01/19,360,09/25/20,1.87
1334,99.94,10/02/19,0,10/02/19,0.76
1335,57.92,10/03/19,180,03/31/20,1.59
1336,94.53,10/03/19,60,12/02/19,1.99
1337,86.70,10/04/19,5,10/09/19,1.15
1338,36.79,10/04/19,360,09/28/20,2.35
1339,61.86,10/04/19,31,11/04/19,1.46
1340,21.86,10/04/19,28,11/01/19,1.67
1341,34.85,10/05/19,7,10/12/19,1.38
1342,76.86,10/06/19,7,10/13/19,0.81
1343,50.89,10/07/19,60,12/06/19,1.58
1344,10.62,10/08/19,28,11/05/19,1.28
1345,36.29,10/08/19,90,01/06/20,1.77
1346,63.30,10/08/19,180,04/05/20,1.93
1347,35.58,10/08/19,7,10/15/19,0.88
1348,76.42,10/08/19,31,11/08/19,1.29
1349,23.30,10/08/19,360,10/02/20,2.26
1350,47.77,10/08/19,7,10/15/19,1.06
1351,21.75,10/09/19,31,11/09/19,1.26
1352,61.67,10/09/19,60,12/08/19,1.92
1353,37.54,10/10/19,5,10/15/19,1.57
1354,50.69,10/10/19,2,10/12/19,1.13
1355,60.12,10/10/19,5,10/15/19,1.47
1356,62.13,10/11/19,28,11/08/19,1.49
1357,91.47,10/12/19,180,04/09/20,1.78
1358,46.80,10/13/19,180,04/10/20,2.14
1359,11.84,10/14/19,10,10/24/19,1.35
1360,27.34,10/15/19,90,01/13/20,1.97
1361,93.81,10/16/19,2,10/18/19,1.34
1362,11.83,10/17/19,5,10/22/19,1.50
1363,83.21,10/17/19,31,11/17/19,1.24
1364,28.53,10/18/19,360,10/12/20,1.68
1365,15.83,10/18/19,28,11/15/19,1.03
1366,24.34,10/19/19,31,11/19/19,1.50
1367,93.36,10/19/19,7,10/26/19,0.78
1368,90.42,10/20/19,28,11/17/19,1.20
1369,0.95,10/20/19,1,10/21/19,0.53
1370,65.31,10/21/19,7,10/28/19,0.89
1371,79.84,10/21/19,31,11/21/19,1.61
1372,92.13,10/21/19,10,10/31/19,0.79
1373,44.81,10/21/19,60,12/20/19,2.07
1374,20.78,10/21/19,30,11/20/19,1.45
1375,17.53,10/21/19,10,10/31/19,1.02
1376,23.34,10/21/19,2,10/23/19,1.02
1377,4.06,10/21/19,5,10/26/19,1.09
1378,72.51,10/22/19,29,11/20/19,0.88
1379,89.93,10/23/19,1,10/24/19,0.65
1380,16.97,10/23/19,14,11/06/19,1.41
1381,78.24,10/24/19,10,11/03/19,0.89
1382,86.98,10/25/19,180,04/22/20,1.78
1383,93.59,10/26/19,60,12/25/19,1.35
1384,38.82,10/27/19,5,11/01/19,0.89
1385,11.43,10/27/19,90,01/25/20,1.57
1386,49.87,10/27/19,31,11/27/19,1.37
1387,59.63,10/28/19,14,11/11/19,1.44
1388,55.24,10/28/19,2,10/30/19,0.79
1389,62.48,10/28/19,31,11/28/19,1.69
1390,32.27,10/29/19,7,11/05/19,0.76
1391,92.72,10/30/19,5,11/04/19,1.30
1392,37.11,10/31/19,5,11/05/19,1.47
1393,78.87,11/01/19,7,11/08/19,1.36
1394,84.44,11/01/19,7,11/08/19,1.11
1395,37.77,11/01/19,180,04/29/20,2.13
1396,85.34,11/02/19,360,10/27/20,2.11
1397,46.51,11/03/19,14,11/17/19,0.88
1398,47.67,11/03/19,14,11/17/19,0.97
1399,25.07,11/04/19,360,10/29/20,2.52
1400,2.78,11/05/19,10,11/15/19,1.35
1401,13.48,11/05/19,7,11/12/19,0.94
1402,83.72,11/05/19,28,12/03/19,1.62
1403,92.18,11/05/19,28,12/03/19,1.41
1404,69.99,11/05/19,5,11/10/19,0.75
1405,14.34,11/05/19,29,12/04/19,1.02
1406,51.60,11/05/19,2,11/07/19,0.78
1407,48.28,11/06/19,5,11/11/19,1.49
1408,2.26,11/06/19,2,11/08/19,0.67
1409,52.04,11/07/19,180,05/05/20,2.21
1410,49.37,11/07/19,2,11/09/19,0.95
1411,66.04,11/07/19,360,11/01/20,2.07
1412,51.12,11/08/19,360,11/02/20,2.30
1413,17.00,11/09/19,10,11/19/19,1.48
1414,27.38,11/10/19,7,11/17/19,1.12
1415,28.63,11/11/19,180,05/09/20,1.50
1416,55.84,11/11/19,1,11/12/19,0.54
1417,45.75,11/11/19,10,11/21/19,1.30
1418,9.29,11/11/19,30,12/11/19,1.15
1419,93.74,11/12/19,360,11/06/20,1.86
1420,99.77,11/12/19,2,11/14/19,0.98
1421,18.77,11/13/19,60,01/12/20,1.35
1422,12.08,11/13/19,60,01/12/20,1.47
1423,37.36,11/14/19,2,11/16/19,1.31
1424,64.00,11/15/19,7,11/22/19,1.42
1425,17.49,11/16/19,90,02/14/20,1.49
1426,48.64,11/17/19,30,12/17/19,1.80
1427,31.98,11/17/19,1,11/18/19,1.31
1428,76.95,11/17/19,90,02/15/20,1.50
1429,92.06,11/18/19,28,12/16/19,1.56
1430,64.36,11/19/19,1,11/20/19,0.61
1431,54.96,11/20/19,2,11/22/19,1.53
1432,42.14,11/20/19,7,11/27/19,1.36
1433,70.08,11/20/19,10,11/30/19,1.05
1434,6.13,11/20/19,2,11/22/19,0.95
1435,59.39,11/20/19,5,11/25/19,0.92
1436,71.71,11/21/19,1,11/22/19,0.90
1437,26.86,11/21/19,10,12/01/19,1.09
1438,9.54,11/21/19,28,12/19/19,1.16
1439,20.26,11/21/19,29,12/20/19,1.73
1440,46.35,11/22/19,14,12/06/19,0.78
1441,87.79,11/23/19,5,11/28/19,1.53
1442,47.42,11/23/19,360,11/17/20,2.33
1443,58.98,11/23/19,360,11/17/20,2.14
1444,0.85,11/24/19,1,11/25/19,1.27
1445,75.64,11/24/19,30,12/24/19,1.76
1446,63.06,11/24/19,31,12/25/19,1.02
1447,63.73,11/25/19,7,12/02/19,1.16
1448,51.92,11/26/19,90,02/24/20,1.28
1449,19.76,11/27/19,1,11/28/19,0.99
1450,73.94,11/27/19,1,11/28/19,0.66
1451,10.84,11/27/19,5,12/02/19,0.92
1452,8.58,11/27/19,10,12/07/19,0.92
1453,49.10,11/27/19,28,12/25/19,1.43
1454,32.51,11/28/19,14,12/12/19,1.16
1455,23.79,11/28/19,360,11/22/20,2.20
1456,2.77,11/28/19,360,11/22/20,1.79
1457,12.45,11/28/19,31,12/29/19,1.59
1458,79.61,11/28/19,2,11/30/19,1.41
1459,93.51,11/29/19,10,12/09/19,1.01
1460,95.16,11/30/19,14,12/14/19,0.95
1461,18.74,11/30/19,360,11/24/20,2.49
1462,8.14,12/01/19,180,05/29/20,1.48
1463,15.53,12/01/19,30,12/31/19,1.74
1464,60.08,12/02/19,360,11/26/20,2.17
1465,77.90,12/03/19,360,11/27/20,2.23
1466,87.36,12/04/19,60,02/02/20,1.74
1467,95.10,12/05/19,7,12/12/19,0.77
1468,69.68,12/06/19,7,12/13/19,1.03
1469,73.52,12/06/19,30,01/05/20,0.90
1470,27.62,12/06/19,360,11/30/20,1.77
1471,69.19,12/06/19,30,01/05/20,0.93
1472,23.99,12/06/19,90,03/05/20,2.05
1473,91.69,12/07/19,60,02/05/20,1.53
1474,54.37,12/07/19,7,12/14/19,1.33
1475,32.84,12/07/19,180,06/04/20,1.64
1476,56.17,12/08/19,29,01/06/20,1.33
1477,90.93,12/08/19,60,02/06/20,1.86
1478,67.19,12/08/19,14,12/22/19,1.53
1479,52.18,12/08/19,60,02/06/20,2.02
1480,11.25,12/09/19,5,12/14/19,1.13
1481,31.74,12/10/19,90,03/09/20,2.18
1482,3.87,12/10/19,14,12/24/19,1.54
1483,13.56,12/11/19,29,01/09/20,1.53
1484,49.52,12/12/19,180,06/09/20,2.21
1485,26.08,12/13/19,180,06/10/20,1.97
1486,35.77,12/14/19,28,01/11/20,1.38
1487,92.01,12/14/19,90,03/13/20,1.61
1488,89.18,12/15/19,1,12/16/19,0.66
1489,99.00,12/15/19,2,12/17/19,1.15
1490,30.26,12/16/19,29,01/14/20,1.09
1491,56.89,12/16/19,90,03/15/20,2.22
1492,86.22,12/17/19,31,01/17/20,1.78
1493,71.45,12/18/19,0,12/18/19,0.77
1494,70.27,12/18/19,31,01/18/20,1.62
1495,59.31,12/19/19,29,01/17/20,1.36
1496,15.13,12/19/19,31,01/19/20,1.84
1497,98.43,12/20/19,360,12/14/20,2.35
1498,43.83,12/20/19,360,12/14/20,2.35
1499,2.34,12/21/19,5,12/26/19,0.89
1500,98.16,12/22/19,7,12/29/19,0.78
1501,95.53,12/23/19,31,01/23/20,1.65
1502,87.07,12/24/19,7,12/31/19,1.15
1503,67.21,12/24/19,28,01/21/20,0.85
1504,86.61,12/25/19,5,12/30/19,0.97
1505,13.10,12/25/19,0,12/25/19,1.08
1506,49.40,12/26/19,360,12/20/20,1.89
1507,51.06,12/26/19,5,12/31/19,0.66
1508,84.35,12/27/19,90,03/26/20,1.88
1509,89.86,12/27/19,30,01/26/20,0.98
1510,55.58,12/28/19,10,01/07/20,1.52
1511,17.74,12/28/19,5,01/02/20,1.30
1512,40.58,12/28/19,360,12/22/20,1.87
1513,8.42,12/28/19,10,01/07/20,1.46
1514,86.61,12/29/19,1,12/30/19,0.54
1515,63.22,12/29/19,14,01/12/20,1.60
1516,35.69,12/29/19,60,02/27/20,1.42
1517,15.98,12/29/19,1,12/30/19,0.60
1518,0.96,12/30/19,31,01/30/20,1.61
1519,21.79,12/30/19,180,06/27/20,1.63
1520,8.32,12/30/19,180,06/27/20,1.87
1521,96.78,12/31/19,29,01/29/20,1.41
1522,67.15,01/01/20,90,03/31/20,1.66
1523,36.60,01/02/20,360,12/27/20,2.31
1524,96.50,01/02/20,7,01/09/20,0.62
1525,95.18,01/02/20,60,03/02/20,1.92
1526,7.09,01/03/20,28,01/31/20,1.54
1527,42.13,01/03/20,90,04/02/20,1.78
1528,28.12,01/04/20,1,01/05/20,1.38
1529,45.75,01/04/20,90,04/03/20,1.97
1530,80.32,01/04/20,180,07/02/20,1.81
1531,54.18,01/05/20,1,01/06/20,1.14
1532,34.46,01/05/20,2,01/07/20,0.57
1533,45.32,01/05/20,180,07/03/20,1.38
1534,77.78,01/06/20,90,04/05/20,1.66
1535,5.69,01/06/20,29,02/04/20,1.07
1536,63.90,01/07/20,28,02/04/20,1.15
1537,12.20,01/08/20,360,01/02/21,1.57
1538,24.98,01/08/20,29,02/06/20,0.82
1539,86.10,01/09/20,360,01/03/21,1.82
1540,81.84,01/09/20,28,02/06/20,1.68
1541,32.03,01/09/20,90,04/08/20,1.69
1542,52.64,01/09/20,30,02/08/20,1.73
1543,9.02,01/10/20,180,07/08/20,1.44
1544,80.53,01/11/20,30,02/10/20,0.99
1545,78.36,01/11/20,30,02/10/20,1.79
1546,10.05,01/12/20,29,02/10/20,1.40
1547,82.20,01/13/20,31,02/13/20,1.26
1548,90.24,01/14/20,1,01/15/20,1.19
1549,63.49,01/15/20,7,01/22/20,1.14
1550,1.82,01/15/20,7,01/22/20,1.14
1551,65.32,01/15/20,5,01/20/20,0.99
1552,32.66,01/16/20,31,02/16/20,1.13
1553,11.85,01/17/20,7,01/24/20,0.94
1554,38.30,01/18/20,360,01/12/21,1.82
1555,53.38,01/18/20,31,02/18/20,1.02
1556,99.49,01/19/20,10,01/29/20,1.75
1557,95.55,01/20/20,1,01/21/20,1.07
1558,15.15,01/20/20,10,01/30/20,1.06
1559,99.18,01/20/20,2,01/22/20,1.48
1560,56.02,01/20/20,30,02/19/20,1.27
1561,94.53,01/21/20,0,01/21/20,1.24
1562,8.50,01/21/20,31,02/21/20,1.13
1563,61.57,01/22/20,90,04/21/20,1.76
1564,87.25,01/23/20,180,07/21/20,1.83
1565,70.62,01/23/20,30,02/22/20,1.20
1566,21.06,01/24/20,60,03/24/20,1.69
1567,85.80,01/24/20,7,01/31/20,1.06
1568,59.54,01/24/20,180,07/22/20,1.95
1569,66.37,01/24/20,31,02/24/20,1.84
1570,87.70,01/24/20,28,02/21/20,1.68
1571,22.48,01/25/20,360,01/19/21,1.57
1572,18.58,01/26/20,360,01/20/21,2.06
1573,28.42,01/27/20,360,01/21/21,2.10
1574,91.68,01/27/20,28,02/24/20,1.00
1575,84.65,01/27/20,10,02/06/20,0.80
1576,58.26,01/27/20,1,01/28/20,0.70
1577,20.33,01/28/20,1,01/29/20,0.78
1578,75.82,01/28/20,2,01/30/20,0.99
1579,42.45,01/28/20,180,07/26/20,1.99
1580,36.99,01/29/20,2,01/31/20,0.97
1581,35.91,01/30/20,1,01/31/20,0.87
1582,56.46,01/30/20,360,01/24/21,2.09
1583,71.98,01/31/20,14,02/14/20,1.30
1584,91.25,01/31/20,14,02/14/20,1.50
1585,70.69,01/31/20,10,02/10/20,1.00
1586,90.31,02/01/20,1,02/02/20,1.41
1587,68.10,02/01/20,7,02/08/20,0.82
1588,55.22,02/02/20,60,04/02/20,1.30
1589,67.71,02/02/20,1,02/03/20,0.75
1590,59.99,02/03/20,1,02/04/20,0.78
1591,93.63,02/04/20,31,03/06/20,0.97
1592,25.27,02/05/20,29,03/05/20,1.21
1593,26.67,02/06/20,90,05/06/20,1.83
1594,15.13,02/07/20,60,04/07/20,1.68
1595,95.36,02/08/20,60,04/08/20,1.81
1596,45.80,02/08/20,29,03/08/20,1.30
1597,72.42,02/09/20,0,02/09/20,1.14
1598,59.13,02/09/20,0,02/09/20,0.86
1599,34.15,02/09/20,90,05/09/20,1.77
1600,27.02,02/09/20,90,05/09/20,1.90
1601,71.41,02/09/20,28,03/08/20,1.23
1602,52.36,02/10/20,90,05/10/20,1.97
1603,4.66,02/10/20,31,03/12/20,1.78
1604,23.11,02/10/20,60,04/10/20,1.90
1605,32.63,02/10/20,7,02/17/20,1.50
1606,42.07,02/10/20,360,02/04/21,2.05
1607,99.33,02/11/20,60,04/11/20,1.50
1608,26.49,02/11/20,31,03/13/20,1.70
1609,75.62,02/11/20,360,02/05/21,2.33
1610,88.28,02/11/20,31,03/13/20,1.41
1611,45.99,02/12/20,7,02/19/20,0.98
1612,14.91,02/12/20,14,02/26/20,0.87
1613,76.20,02/12/20,10,02/22/20,1.04
1614,63.42,02/13/20,28,03/12/20,0.94
1615,51.08,02/14/20,360,02/08/21,1.88
1616,32.09,02/14/20,60,04/14/20,1.63
1617,81.78,02/15/20,180,08/13/20,1.73
1618,31.74,02/15/20,28,03/14/20,1.69
1619,40.28,02/16/20,29,03/16/20,1.81
1620,45.56,02/16/20,7,02/23/20,1.19
1621,31.19,02/17/20,90,05/17/20,1.49
1622,95.19,02/18/20,31,03/20/20,1.44
1623,88.86,02/18/20,90,05/18/20,2.18
1624,12.11,02/19/20,31,03/21/20,1.73
1625,9.71,02/20/20,360,02/14/21,2.55
1626,39.99,02/20/20,30,03/21/20,1.66
1627,85.61,02/21/20,90,05/21/20,2.20
1628,6.86,02/21/20,2,02/23/20,0.73
1629,92.53,02/21/20,5,02/26/20,0.62
1630,65.59,02/22/20,2,02/24/20,0.95
1631,55.12,02/23/20,5,02/28/20,0.70
1632,13.58,02/23/20,360,02/17/21,1.69
1633,95.13,02/23/20,10,03/04/20,1.10
1634,7.45,02/23/20,0,02/23/20,1.36
1635,33.94,02/23/20,90,05/23/20,2.17
1636,12.35,02/23/20,29,03/23/20,1.16
1637,36.45,02/23/20,1,02/24/20,0.66
1638,41.28,02/24/20,29,03/24/20,1.80
1639,53.37,02/25/20,10,03/06/20,0.81
1640,37.29,02/25/20,0,02/25/20,1.09
1641,5.73,02/25/20,7,03/03/20,0.92
1642,51.34,02/26/20,0,02/26/20,0.88
1643,93.17,02/26/20,2,02/28/20,0.88
1644,72.44,02/26/20,5,03/02/20,0.86
1645,58.30,02/26/20,1,02/27/20,0.43
1646,91.65,02/26/20,180,08/24/20,1.42
1647,56.83,02/27/20,31,03/29/20,1.49
1648,75.08,02/27/20,14,03/12/20,0.79
1649,77.91,02/27/20,60,04/27/20,1.35
1650,58.34,02/27/20,60,04/27/20,1.30
1651,37.17,02/27/20,14,03/12/20,1.06
1652,26.45,02/27/20,31,03/29/20,1.60
1653,89.62,02/28/20,30,03/29/20,0.95
1654,82.70,02/29/20,10,03/10/20,1.51
1655,21.64,02/29/20,90,05/29/20,2.08
1656,29.67,02/29/20,360,02/23/21,2.29
1657,94.74,03/01/20,28,03/29/20,1.74
1658,3.28,03/01/20,5,03/06/20,1.31
1659,24.66,03/01/20,14,03/15/20,1.57
1660,3.35,03/01/20,360,02/24/21,1.67
1661,96.82,03/02/20,2,03/04/20,0.72
1662,83.83,03/03/20,5,03/08/20,1.59
1663,66.20,03/03/20,1,03/04/20,0.43
1664,73.49,03/03/20,60,05/02/20,1.88
1665,35.35,03/04/20,2,03/06/20,1.04
1666,75.37,03/04/20,29,04/02/20,1.38
1667,76.45,03/05/20,14,03/19/20,1.40
1668,19.82,03/06/20,2,03/08/20,1.27
1669,52.12,03/07/20,180,09/03/20,1.68
1670,33.65,03/08/20,90,06/06/20,2.08
1671,43.36,03/09/20,7,03/16/20,1.54
1672,44.88,03/10/20,1,03/11/20,0.47
1673,61.41,03/11/20,90,06/09/20,1.60
1674,24.03,03/12/20,360,03/07/21,2.06
1675,78.57,03/13/20,29,04/11/20,1.31
1676,5.68,03/14/20,2,03/16/20,1.36
1677,17.28,03/14/20,60,05/13/20,1.34
1678,18.56,03/15/20,29,04/13/20,1.23
1679,48.08,03/16/20,360,03/11/21,2.35
1680,46.07,03/16/20,60,05/15/20,2.03
1681,12.91,03/17/20,2,03/19/20,1.02
1682,17.87,03/18/20,31,04/18/20,1.61
1683,20.01,03/18/20,29,04/16/20,1.06
1684,50.28,03/19/20,360,03/14/21,2.46
1685,47.13,03/19/20,30,04/18/20,1.71
1686,15.18,03/19/20,28,04/16/20,1.77
1687,27.19,03/20/20,31,04/20/20,1.07
1688,39.09,03/20/20,31,04/20/20,1.45
1689,9.41,03/21/20,10,03/31/20,1.36
1690,99.25,03/21/20,30,04/20/20,1.49
1691,29.24,03/22/20,5,03/27/20,1.32
1692,74.67,03/22/20,60,05/21/20,1.53
1693,72.26,03/22/20,60,05/21/20,1.88
1694,64.30,03/22/20,360,03/17/21,1.66
1695,99.65,03/22/20,1,03/23/20,0.51
1696,7.67,03/22/20,2,03/24/20,0.86
1697,91.35,03/22/20,28,04/19/20,1.55
1698,92.80,03/23/20,60,05/22/20,1.92
1699,59.97,03/24/20,14,04/07/20,0.78
1700,10.84,03/24/20,360,03/19/21,1.60
1701,68.13,03/24/20,29,04/22/20,1.55
1702,71.33,03/25/20,0,03/25/20,1.29
1703,72.93,03/25/20,90,06/23/20,2.07
1704,82.23,03/26/20,360,03/21/21,1.60
1705,77.16,03/26/20,0,03/26/20,0.92
1706,60.57,03/27/20,180,09/23/20,2.02
1707,58.53,03/28/20,28,04/25/20,0.97
1708,87.59,03/28/20,29,04/26/20,1.30
1709,20.63,03/28/20,30,04/27/20,1.18
1710,37.99,03/29/20,1,03/30/20,0.85
1711,78.21,03/30/20,90,06/28/20,1.75
1712,49.76,03/30/20,29,04/28/20,1.47
1713,95.36,03/30/20,2,04/01/20,1.17
1714,0.50,03/30/20,29,04/28/20,1.46
1715,22.75,03/30/20,7,04/06/20,1.11
1716,50.26,03/31/20,2,04/02/20,0.88
1717,20.82,04/01/20,30,05/01/20,1.38
1718,55.50,04/01/20,28,04/29/20,1.30
1719,2.31,04/01/20,360,03/27/21,1.70
1720,34.20,04/01/20,2,04/03/20,1.35
1721,43.31,04/02/20,2,04/04/20,1.04
1722,11.55,04/02/20,7,04/09/20,1.33
1723,93.69,04/03/20,1,04/04/20,0.46
1724,9.21,04/03/20,1,04/04/20,0.70
1725,41.58,04/04/20,360,03/30/21,2.39
1726,80.63,04/04/20,180,10/01/20,2.30
1727,26.77,04/04/20,28,05/02/20,0.94
1728,6.19,04/05/20,90,07/04/20,2.07
1729,66.01,04/06/20,60,06/05/20,1.78
1730,72.83,04/07/20,0,04/07/20,1.27
1731,86.55,04/07/20,180,10/04/20,2.22
1732,5.48,04/08/20,2,04/10/20,0.73
1733,43.77,04/09/20,180,10/06/20,2.34
1734,86.42,04/09/20,28,05/07/20,1.06
1735,37.15,04/10/20,5,04/15/20,0.87
1736,68.88,04/10/20,31,05/11/20,1.23
1737,66.42,04/11/20,2,04/13/20,1.35
1738,71.67,04/11/20,5,04/16/20,0.79
1739,20.10,04/12/20,31,05/13/20,1.01
1740,55.22,04/13/20,1,04/14/20,0.82
1741,12.50,04/14/20,1,04/15/20,1.15
1742,18.14,04/15/20,90,07/14/20,1.39
1743,5.62,04/15/20,28,05/13/20,1.12
1744,49.86,04/16/20,14,04/30/20,1.71
1745,99.54,04/17/20,7,04/24/20,1.21
1746,96.78,04/18/20,30,05/18/20,0.92
1747,76.14,04/18/20,360,04/13/21,1.66
1748,54.45,04/19/20,7,04/26/20,1.33
1749,60.56,04/19/20,2,04/21/20,1.01
1750,59.33,04/20/20,10,04/30/20,1.48
1751,49.11,04/20/20,90,07/19/20,2.09
1752,22.28,04/21/20,360,04/16/21,2.24
1753,9.05,04/22/20,1,04/23/20,0.78
1754,97.12,04/22/20,1,04/23/20,0.94
1755,13.07,04/23/20,90,07/22/20,1.66
1756,55.71,04/23/20,30,05/23/20,1.39
1757,6.06,04/23/20,28,05/21/20,1.14
1758,36.48,04/24/20,10,05/04/20,0.93
1759,89.35,04/24/20,5,04/29/20,0.79
1760,86.70,04/25/20,7,05/02/20,1.01
1761,94.47,04/26/20,180,10/23/20,1.46
1762,44.18,04/27/20,7,05/04/20,0.61
1763,61.58,04/27/20,2,04/29/20,1.16
1764,88.14,04/28/20,360,04/23/21,1.58
1765,97.44,04/28/20,10,05/08/20,0.99
1766,23.97,04/28/20,30,05/28/20,1.72
1767,74.77,04/29/20,360,04/24/21,2.00
1768,21.81,04/29/20,29,05/28/20,1.41
1769,22.82,04/29/20,28,05/27/20,1.67
1770,84.49,04/29/20,90,07/28/20,1.59
1771,14.08,04/29/20,7,05/06/20,1.07
1772,1.71,04/29/20,360,04/24/21,2.51
1773,38.79,04/30/20,5,05/05/20,0.73
1774,20.10,04/30/20,5,05/05/20,1.27
1775,76.95,04/30/20,30,05/30/20,1.09
1776,74.89,04/30/20,2,05/02/20,0.96
1777,1.29,04/30/20,2,05/02/20,1.42
1778,64.37,05/01/20,7,05/08/20,0.86
1779,36.52,05/01/20,29,05/30/20,1.67
1780,80.34,05/01/20,60,06/30/20,1.60
1781,11.28,05/02/20,14,05/16/20,1.30
1782,58.39,05/02/20,10,05/12/20,0.89
1783,36.12,05/02/20,10,05/12/20,1.05
1784,3.06,05/02/20,28,05/30/20,1.73
1785,44.37,05/02/20,180,10/29/20,1.53
1786,22.86,05/03/20,28,05/31/20,1.09
1787,84.13,05/04/20,30,06/03/20,1.69
1788,26.64,05/04/20,360,04/29/21,2.20
1789,54.65,05/04/20,360,04/29/21,2.00
1790,39.80,05/05/20,180,11/01/20,1.67
1791,73.32,05/06/20,7,05/13/20,0.81
1792,27.26,05/06/20,360,05/01/21,2.13
1793,76.76,05/06/20,10,05/16/20,1.47
1794,66.90,05/06/20,29,06/04/20,1.55
1795,14.71,05/06/20,28,06/03/20,1.53
1796,30.53,05/06/20,10,05/16/20,1.53
1797,0.82,05/07/20,360,05/02/21,2.48
1798,10.30,05/07/20,31,06/07/20,1.82
1799,80.51,05/07/20,10,05/17/20,0.98
1800,92.00,05/08/20,2,05/10/20,0.88
1801,39.79,05/08/20,180,11/04/20,2.27
1802,4.31,05/08/20,90,08/06/20,1.35
1803,37.24,05/09/20,360,05/04/21,2.51
1804,76.15,05/10/20,31,06/10/20,1.31
1805,28.95,05/11/20,2,05/13/20,1.34
1806,47.50,05/11/20,7,05/18/20,1.47
1807,96.20,05/12/20,7,05/19/20,0.73
1808,81.15,05/12/20,7,05/19/20,0.88
1809,23.76,05/13/20,29,06/11/20,1.66
1810,68.45,05/14/20,7,05/21/20,1.09
1811,57.95,05/15/20,30,06/14/20,0.97
1812,67.87,05/16/20,360,05/11/21,1.60
1813,99.92,05/17/20,2,05/19/20,1.17
1814,38.35,05/18/20,1,05/19/20,0.49
1815,22.50,05/18/20,7,05/25/20,0.65
1816,20.34,05/18/20,1,05/19/20,0.44
1817,1.05,05/18/20,180,11/14/20,2.07
1818,1.26,05/18/20,28,06/15/20,0.84
1819,86.21,05/19/20,360,05/14/21,1.61
1820,60.00,05/20/20,2,05/22/20,0.80
1821,61.74,05/20/20,30,06/19/20,1.81
1822,92.60,05/20/20,360,05/15/21,1.56
1823,82.10,05/21/20,7,05/28/20,1.18
1824,63.91,05/22/20,2,05/24/20,1.24
1825,70.04,05/22/20,29,06/20/20,1.52
1826,24.70,05/23/20,14,06/06/20,1.09
1827,4.97,05/24/20,2,05/26/20,1.31
1828,71.89,05/24/20,5,05/29/20,1.42
1829,79.29,05/24/20,360,05/19/21,2.07
1830,17.54,05/24/20,28,06/21/20,0.94
1831,58.55,05/25/20,5,05/30/20,0.84
1832,70.52,05/25/20,360,05/20/21,2.39
1833,69.40,05/26/20,10,06/05/20,1.54
1834,80.87,05/27/20,360,05/22/21,2.41
1835,78.30,05/27/20,0,05/27/20,0.68
1836,24.95,05/27/20,30,06/26/20,1.70
1837,59.00,05/28/20,60,07/27/20,1.36
1838,58.41,05/29/20,5,06/03/20,0.91
1839,15.40,05/29/20,7,06/05/20,1.50
1840,49.64,05/29/20,5,06/03/20,1.54
1841,3.89,05/29/20,0,05/29/20,0.92
1842,46.27,05/30/20,2,06/01/20,1.12
1843,17.44,05/30/20,29,06/28/20,1.77
1844,66.53,05/30/20,60,07/29/20,1.86
1845,76.65,05/30/20,28,06/27/20,1.39
1846,14.37,05/30/20,360,05/25/21,2.32
1847,68.96,05/31/20,29,06/29/20,1.36
1848,98.50,06/01/20,14,06/15/20,0.88
1849,1.57,06/01/20,30,07/01/20,0.86
1850,28.02,06/01/20,14,06/15/20,1.56
1851,34.09,06/02/20,90,08/31/20,2.00
1852,38.77,06/03/20,5,06/08/20,0.92
1853,58.56,06/04/20,30,07/04/20,1.70
1854,43.41,06/05/20,31,07/06/20,0.99
1855,24.26,06/06/20,1,06/07/20,1.25
1856,44.09,06/07/20,360,06/02/21,2.22
1857,72.07,06/07/20,180,12/04/20,2.22
1858,93.78,06/08/20,360,06/03/21,1.61
1859,12.19,06/08/20,28,07/06/20,1.25
1860,76.26,06/09/20,7,06/16/20,0.61
1861,78.60,06/09/20,2,06/11/20,0.69
1862,25.16,06/09/20,29,07/08/20,1.73
1863,20.77,06/10/20,90,09/08/20,1.85
1864,23.67,06/10/20,29,07/09/20,1.41
1865,9.97,06/10/20,180,12/07/20,1.88
1866,80.27,06/11/20,28,07/09/20,1.80
1867,80.85,06/12/20,90,09/10/20,1.64
1868,92.33,06/12/20,30,07/12/20,1.13
1869,57.62,06/13/20,5,06/18/20,1.40
1870,60.68,06/14/20,30,07/14/20,1.25
1871,65.31,06/14/20,90,09/12/20,1.79
1872,82.51,06/15/20,60,08/14/20,1.98
1873,90.41,06/16/20,28,07/14/20,1.01
1874,73.05,06/16/20,1,06/17/20,1.33
1875,8.57,06/16/20,28,07/14/20,1.11
1876,41.15,06/17/20,10,06/27/20,0.90
1877,13.27,06/17/20,7,06/24/20,0.98
1878,0.16,06/17/20,1,06/18/20,0.47
1879,90.70,06/18/20,60,08/17/20,1.98
1880,69.66,06/19/20,29,07/18/20,1.64
1881,64.51,06/19/20,60,08/18/20,1.69
1882,67.27,06/20/20,7,06/27/20,1.14
1883,88.02,06/20/20,90,09/18/20,1.43
1884,33.44,06/20/20,60,08/19/20,2.08
1885,73.96,06/21/20,10,07/01/20,1.38
1886,93.84,06/21/20,5,06/26/20,1.45
1887,54.62,06/21/20,30,07/21/20,1.45
1888,47.96,06/21/20,2,06/23/20,1.43
1889,36.35,06/22/20,10,07/02/20,1.05
1890,66.20,06/22/20,31,07/23/20,1.74
1891,14.04,06/22/20,2,06/24/20,1.27
1892,35.02,06/23/20,7,06/30/20,0.73
1893,54.96,06/24/20,31,07/25/20,1.84
1894,26.83,06/25/20,5,06/30/20,0.80
1895,57.70,06/25/20,180,12/22/20,2.12
1896,66.93,06/25/20,60,08/24/20,1.87
1897,60.24,06/26/20,180,12/23/20,1.83
1898,87.98,06/27/20,28,07/25/20,1.11
1899,79.23,06/28/20,14,07/12/20,1.14
1900,70.71,06/28/20,2,06/30/20,1.21
1901,3.85,06/29/20,90,09/27/20,1.96
1902,32.04,06/30/20,29,07/29/20,0.97
1903,11.72,06/30/20,10,07/10/20,1.01
1904,71.96,06/30/20,90,09/28/20,1.35
1905,13.41,06/30/20,10,07/10/20,0.77
1906,98.57,06/30/20,14,07/14/20,1.40
1907,99.31,07/01/20,180,12/28/20,1.54
1908,14.32,07/01/20,14,07/15/20,0.86
1909,4.96,07/02/20,31,08/02/20,1.75
1910,17.00,07/02/20,10,07/12/20,1.42
1911,62.58,07/03/20,1,07/04/20,1.16
1912,44.90,07/04/20,31,08/04/20,1.87
1913,57.49,07/05/20,30,08/04/20,1.71
1914,3.39,07/05/20,5,07/10/20,0.65
1915,70.40,07/05/20,60,09/03/20,1.75
1916,95.46,07/05/20,5,07/10/20,1.05
1917,11.94,07/05/20,29,08/03/20,1.72
1918,32.41,07/06/20,5,07/11/20,1.20
1919,63.28,07/07/20,1,07/08/20,1.29
1920,96.17,07/07/20,1,07/08/20,0.44
1921,92.04,07/08/20,29,08/06/20,1.80
1922,28.50,07/09/20,0,07/09/20,1.24
1923,69.61,07/10/20,0,07/10/20,0.56
1924,32.97,07/11/20,1,07/12/20,0.84
1925,36.90,07/11/20,2,07/13/20,1.22
1926,71.34,07/12/20,10,07/22/20,1.33
1927,14.34,07/12/20,2,07/14/20,1.39
1928,55.78,07/12/20,5,07/17/20,1.23
1929,8.53,07/12/20,30,08/11/20,1.14
1930,63.01,07/13/20,60,09/11/20,1.77
1931,26.76,07/14/20,29,08/12/20,1.69
1932,83.94,07/14/20,0,07/14/20,1.04
1933,2.54,07/15/20,29,08/13/20,1.12
1934,52.14,07/15/20,7,07/22/20,1.34
1935,87.83,07/16/20,2,07/18/20,0.98
1936,43.11,07/16/20,7,07/23/20,1.40
1937,65.72,07/16/20,29,08/14/20,1.46
1938,85.66,07/17/20,360,07/12/21,1.73
1939,55.67,07/18/20,90,10/16/20,1.89
1940,64.43,07/19/20,2,07/21/20,1.08
1941,75.96,07/19/20,180,01/15/21,1.75
1942,57.07,07/20/20,1,07/21/20,1.14
1943,14.82,07/21/20,29,08/19/20,1.80
1944,1.38,07/21/20,90,10/19/20,1.81
1945,89.40,07/21/20,180,01/17/21,1.81
1946,73.87,07/22/20,90,10/20/20,2.07
1947,83.90,07/22/20,28,08/19/20,1.73
1948,12.21,07/22/20,180,01/18/21,1.47
1949,86.82,07/23/20,2,07/25/20,0.78
1950,34.38,07/24/20,360,07/19/21,2.24
1951,75.94,07/24/20,90,10/22/20,1.78
1952,74.46,07/25/20,29,08/23/20,1.19
1953,33.30,07/26/20,60,09/24/20,1.33
1954,35.12,07/27/20,14,08/10/20,1.35
1955,66.72,07/28/20,90,10/26/20,1.92
1956,84.11,07/29/20,360,07/24/21,1.82
1957,65.58,07/30/20,14,08/13/20,1.43
1958,96.36,07/31/20,0,07/31/20,0.78
1959,71.74,08/01/20,360,07/27/21,2.44
1960,24.59,08/02/20,360,07/28/21,1.87
1961,37.71,08/03/20,7,08/10/20,1.27
1962,96.01,08/04/20,90,11/02/20,1.64
1963,14.32,08/05/20,28,09/02/20,1.36
1964,31.62,08/05/20,60,10/04/20,2.06
1965,6.96,08/06/20,10,08/16/20,1.33
1966,87.55,08/06/20,360,08/01/21,1.69
1967,66.45,08/06/20,2,08/08/20,1.02
1968,83.47,08/06/20,30,09/05/20,0.88
1969,50.41,08/07/20,90,11/05/20,1.33
1970,16.17,08/07/20,7,08/14/20,0.94
1971,83.67,08/07/20,5,08/12/20,1.21
1972,52.29,08/07/20,14,08/21/20,1.66
1973,9.43,08/08/20,28,09/05/20,1.64
1974,84.07,08/09/20,28,09/06/20,1.01
1975,15.37,08/09/20,10,08/19/20,1.59
1976,18.10,08/10/20,7,08/17/20,0.64
1977,22.18,08/11/20,90,11/09/20,1.79
1978,44.07,08/11/20,180,02/07/21,2.33
1979,68.35,08/12/20,60,10/11/20,1.19
1980,17.05,08/13/20,28,09/10/20,1.13
1981,46.37,08/14/20,5,08/19/20,1.49
1982,39.15,08/15/20,29,09/13/20,1.57
1983,56.48,08/15/20,1,08/16/20,0.60
1984,7.87,08/15/20,29,09/13/20,1.48
1985,42.62,08/16/20,1,08/17/20,1.07
1986,5.56,08/16/20,10,08/26/20,1.68
1987,67.14,08/17/20,30,09/16/20,0.92
1988,76.18,08/17/20,29,09/15/20,1.20
1989,58.08,08/17/20,180,02/13/21,2.00
1990,6.67,08/17/20,5,08/22/20,0.87
1991,2.16,08/17/20,7,08/24/20,1.18
1992,32.80,08/18/20,1,08/19/20,1.14
1993,48.43,08/19/20,7,08/26/20,1.31
1994,79.30,08/20/20,28,09/17/20,1.77
1995,2.55,08/20/20,2,08/22/20,1.15
1996,23.93,08/21/20,1,08/22/20,1.32
1997,55.16,08/21/20,0,08/21/20,1.24
1998,37.25,08/22/20,2,08/24/20,1.41
1999,72.68,08/22/20,60,10/21/20,2.08
2000,57.22,08/22/20,90,11/20/20,1.72
